GeneSymbol	Slide1_001	Slide5_005	Slide1_004	Slide8_001	Slide3_009	Slide6_003	Slide5_004	Slide3_008	Slide7_001	Slide8_006	Slide1_008	Slide2_003	Slide7_007	Slide3_010	Slide2_001	Slide5_003	Slide5_006	Slide3_006	Slide1_009	Slide5_001	Slide1_002	Slide1_007	Slide6_004	Slide8_005	Slide7_004	Slide3_001	Slide7_003	Slide7_005	Slide1_003	Slide7_008	Slide2_004	Slide8_002	Slide1_006	Slide8_004	Slide3_005	Slide3_002	Slide6_005	Slide6_006	Slide2_002	Slide4_004
PDK4	0.152	0.22	0.2	0.544	1.02	0.24	0.68	0.748	0.068	0.312	0.088	0.488	0.348	1.048	0.5	0.648	0.368	0.34	0.632	0.356	0.232	0.192	0.3	0.464	0.168	0.46	0.22	0.072	0.392	0.136	0.18	0.436	0.06	0.832	0.524	0.188	0.224	0.432	0.664	0.236
CCL26	0.284	0.124	0.092	0.984	0.8	0.356	0.224	1.04	0.228	0.648	0.148	0.376	0.308	0.452	0.42	0.764	0.072	0.364	0.188	0.24	0.068	0.072	0.308	0.328	0.396	0.272	0.32	0.2	0.212	0.28	0.148	0.616	0.056	0.756	0.524	0.244	0.148	0.244	0.5	0.284
CX3CL1	0.792	0.464	0.736	1.576	2.688	1.192	0.604	1.5	1.088	0.988	0.744	0.5	1.624	1.468	1.952	1.028	0.28	0.9	0.612	0.476	0.732	0.5	1.116	0.792	1.748	1.132	1.528	0.772	0.496	1.24	0.284	1.216	0.368	1.092	1.576	0.572	0.552	0.852	1.036	1.552
CD4	0.332	0.12	0.156	0.088	0.22	0.068	0.112	0.26	0.244	0.072	0.184	0.092	0.24	0.168	0.148	0.112	0.12	0.12	0.22	0.092	0.276	0.208	0.08	0.132	0.228	0.068	0.188	0.048	0.212	0.156	0.076	0.056	0.108	0.152	0.16	0.064	0.064	0.044	0.252	0.272
SNAI2	1.016	0.456	1.196	2.388	1.68	1.04	2.096	2.432	1.536	1.492	0.748	1.66	2.476	2.052	2.428	1.532	0.916	1.844	2.336	0.824	1.272	1.132	0.92	1.848	1.784	3.096	1.724	0.788	1.068	1.248	1.332	1.552	0.868	2.772	1.976	0.56	0.72	1.972	2.452	1.248
TNFRSF17	0.132	0.04	0.036	0.212	0.084	0.04	0.208	0.1	0.064	0.164	0.056	0.112	0.124	0.116	0.128	0.244	0.112	0.148	0.056	0.156	0.056	0.044	0.096	0.112	0.052	0.068	0.06	0.028	0.028	0.076	0.132	0.172	0.028	0.2	0.14	0.036	0.052	0.028	0.176	0.132
ICAM3	0.336	0.208	0.144	0.472	0.448	0.304	0.304	0.184	0.116	0.12	0.176	0.188	0.356	0.196	0.204	0.364	0.164	0.184	0.32	0.12	0.22	0.136	0.192	0.312	0.284	0.168	0.272	0.16	0.24	0.272	0.052	0.244	0.088	0.5	0.18	0.08	0.124	0.128	0.196	0.188
FAP	1.192	0.432	0.704	0.824	1.228	0.596	0.956	1.868	0.872	0.492	0.248	1.1	1.404	0.908	0.888	1.2	0.564	0.52	2.928	0.368	0.812	0.556	0.492	0.952	1.152	0.396	1.316	0.496	0.692	0.588	0.452	0.424	0.108	0.772	0.636	0.372	0.488	0.48	0.928	0.372
NFKB2	1.088	0.796	0.724	0.536	1.376	0.396	1.788	1.02	0.484	0.688	0.4	0.384	0.8	0.896	0.408	1.936	0.828	0.788	0.864	0.868	0.52	0.54	0.404	0.66	0.576	0.564	0.42	0.204	0.784	0.44	0.176	0.436	0.104	0.468	0.724	0.384	0.432	0.308	0.588	0.804
LAG3	0.032	0.072	0.032	0.088	0.1	0.016	0.112	0.052	0.036	0.052	0.04	0.108	0.044	0.16	0.084	0.176	0.04	0.028	0.064	0.064	0.024	0.024	0.02	0.052	0.02	0.088	0.02	0.02	0.076	0.012	0.06	0.036	0.024	0.092	0.068	0.016	0.072	0.036	0.108	0.1
TGFBR3	0.296	0.296	0.168	0.852	1.256	0.42	0.372	1.128	1.792	0.604	0.2	0.456	1.508	0.828	0.48	0.764	0.484	0.532	0.9	0.3	0.232	0.112	0.36	0.308	1.436	0.692	1.012	0.312	0.912	0.496	0.292	0.332	0.112	0.892	0.556	0.204	0.492	0.344	0.484	0.572
MMP11	5.364	1.6	3.652	0.616	5.752	0.928	1.872	2.34	5.012	0.2	2.964	4.324	6.2	2.296	5.684	3.528	0.572	2.716	15.332	0.804	4.112	7.768	1.576	0.936	2.776	1.56	3.08	0.392	5.572	1.016	1.668	0.444	3.76	1.204	1.124	0.852	0.46	0.984	4.452	1.216
XBP1	2.6	1.116	1.492	0.92	3.072	1.264	1.724	2.476	1.472	0.6	1.516	1.1	1.64	2.036	1.728	2.316	1.204	1	3.696	1.012	1.984	1.26	1.124	0.7	1.84	1.404	1.68	0.424	2.38	0.98	0.808	0.972	0.952	1.048	1.672	0.72	0.868	1.06	1.672	1.156
IL2RB	0.284	0.736	0.084	0.188	0.136	0.124	0.936	0.208	0.184	0.196	0.044	0.112	0.248	0.204	0.152	1.328	0.584	0.108	0.236	0.5	0.048	0.156	0.096	0.104	0.18	0.1	0.168	0.068	0.04	0.128	0.08	0.148	0.028	0.22	0.416	0.112	0.1	0.052	0.184	0.088
CTSG	0.152	0.036	0.068	0.036	0.068	0.016	0.064	0.06	0.036	0.016	0.024	0.016	0.1	0.052	0.116	0.056	0.04	0.036	0.084	0.012	0.024	0.028	0.024	0.028	0.044	0.036	0.032	0.004	0.048	0.04	0.1	0.024	0.02	0.036	0.04	0.02	0.036	0.044	0.096	0.032
GZMH	0.164	0.084	0.096	0.236	0.524	0.112	0.284	0.148	0.096	0.096	0.092	0.148	0.084	0.196	0.192	0.256	0.132	0.128	0.344	0.096	0.164	0.132	0.172	0.096	0.06	0.224	0.084	0.012	0.084	0.06	0.184	0.056	0.088	0.268	0.136	0.108	0.156	0.124	0.364	0.12
GZMB	0.072	0.02	0.068	0.06	0.08	0.032	0.08	0.064	0.032	0.028	0.148	0.032	0.036	0.068	0.06	0.08	0.052	0.04	0.112	0.052	0.084	0.056	0.064	0.064	0.052	0.052	0	0.012	0.044	0.024	0.044	0.048	0.032	0.116	0.064	0.032	0.04	0.044	0.04	0.06
NFKBIA	2.948	0.804	1.704	0.784	1.308	0.98	1.008	1.312	2.348	0.988	1.536	0.664	2.52	0.816	1.16	1.704	0.772	0.82	3.164	0.424	1.136	1.556	0.604	1.416	2.272	0.304	1.76	0.644	2.228	1.512	0.66	0.564	0.804	1.176	1.152	0.428	0.784	0.78	0.756	0.64
MMP2	2.1	1.704	1.372	2.08	2.2	2.144	2.388	1.244	2.616	1.268	0.596	2.412	2.276	0.82	2.076	3.636	1.808	1.38	3.768	1.816	2.092	0.628	1.44	1.4	1.476	0.956	2.648	0.772	1.376	1.424	1.028	0.652	0.5	3.052	0.904	0.38	1.9	2.78	2.208	1.452
CCL22	0.024	0.016	0.004	0.04	0.088	0.024	0.032	0.024	0.024	0.024	0.032	0.048	0.04	0.016	0.028	0.06	0.016	0.044	0.016	0.016	0.008	0	0.032	0.016	0.02	0.02	0.012	0.008	0.032	0.02	0.012	0.04	0.008	0.06	0.052	0.016	0.008	0.036	0.024	0.036
TSC2	1.96	0.56	1.16	1.736	1.528	0.756	0.996	1.096	0.856	0.608	0.928	0.984	0.884	0.904	2.164	1.288	0.556	0.276	3.136	0.496	1.132	0.94	0.528	1.364	0.748	0.604	0.58	0.16	2.176	0.436	0.924	0.348	0.836	1.608	0.612	0.28	0.452	0.72	1.4	0.604
TGFB1	2.676	0.868	1.228	1.008	2.124	0.464	1.304	1.46	1.384	0.7	1.032	1.116	1.604	1.392	0.82	1.756	1.04	0.392	3.472	0.752	1.52	1.18	0.752	0.94	1.508	0.812	1.304	0.4	2.052	0.916	0.576	0.74	0.472	1.056	1.18	0.324	0.4	0.544	0.52	0.436
CD79A	0.036	0.004	0.004	0.028	0.008	0	0.028	0.004	0.004	0.008	0	0.02	0.048	0.008	0.004	0.04	0.012	0.008	0.024	0.016	0.004	0.012	0.024	0.048	0.004	0	0.004	0.008	0	0.024	0	0.008	0.004	0.048	0.008	0	0.004	0	0.016	0.016
NKG7	0.404	0.156	0.276	0.152	0.408	0.192	0.296	0.304	0.132	0.16	0.14	0.136	0.34	0.136	0.196	0.344	0.244	0.2	0.424	0.212	0.104	0.192	0.196	0.216	0.244	0.196	0.168	0.1	0.424	0.172	0.096	0.096	0.208	0.18	0.156	0.164	0.1	0.248	0.272	0.2
HGF	1.528	0.376	0.964	0.968	1.336	0.552	0.592	0.832	0.24	0.864	0.552	0.64	0.612	0.444	0.388	1.072	0.364	0.708	0.552	0.62	1.296	0.508	0.576	1.324	0.376	0.908	0.484	0.264	0.692	0.396	0.352	0.412	0.412	1.868	0.852	0.324	0.552	1.308	1.204	0.556
SERPINE1	0.532	0.092	1.312	0.796	2.692	0.612	0.428	2.356	0.36	1.036	0.16	0.588	0.58	0.88	0.656	0.8	0.16	0.968	0.544	0.112	0.832	0.824	0.62	1.324	1.24	1.124	0.74	0.344	0.552	0.468	0.224	0.56	0.132	1.036	1.664	0.296	0.26	0.332	0.524	0.464
ACTA2	5.368	2.068	5.684	3.632	4.124	0.92	3.212	1.192	1.988	2.524	0.928	1.396	2.74	0.552	4.732	4.636	2.24	0.764	3.372	1.216	1.876	2.532	1.788	1.264	1.604	0.628	3	0.832	2.308	0.704	1.052	2.008	0.452	1.308	1.196	0.172	0.78	0.9	1.252	0.416
MPO	0.24	0.092	0.048	0.624	0.56	0.22	0.324	0.64	0.156	0.176	0.128	0.264	0.28	0.392	0.268	0.3	0.096	0.328	0.08	0.204	0.092	0.084	0.188	0.552	0.296	0.276	0.196	0.044	0.092	0.112	0.26	0.172	0.052	0.464	0.324	0.148	0.084	0.224	0.384	0.208
WNT3	0.984	0.244	0.66	0.54	0.836	0.484	0.508	0.956	0.2	0.344	0.404	0.524	0.256	0.436	0.652	0.708	0.192	0.504	0.864	0.408	0.336	0.684	0.44	0.564	0.228	0.616	0.188	0.192	0.932	0.308	0.212	0.68	0.428	0.724	0.344	0.152	0.288	0.24	0.396	0.248
CCL2	1.12	0.12	2.556	0.404	0.532	0.42	0.316	0.248	1.048	0.428	2.088	0.228	1.188	0.536	0.116	0.3	0.168	0.36	0.368	0.144	1.188	1.488	0.216	0.256	0.596	0.084	0.396	0.248	0.392	0.3	0.072	0.16	0.696	0.38	0.688	0.1	0.144	0.096	0.296	0.192
COL1A1	26.472	23.436	6.584	15.476	28.536	10.568	38.468	4.628	22.164	8.048	2.228	14.072	40.224	2.348	21.952	55.68	22.692	3.9	22.864	25.604	2.548	15.288	10.64	13.308	26.48	2.9	25.232	6.74	19.636	14.18	9.212	1.776	3.736	21.06	2.148	1.924	13.48	14.332	30.84	31.984
NFKB1	1.012	0.456	0.44	0.6	0.968	0.456	0.64	1.128	0.792	0.308	0.696	0.34	0.872	0.36	0.456	0.876	0.376	0.48	1.412	0.352	0.6	0.656	0.404	0.436	0.816	0.344	0.588	0.228	1.236	0.416	0.168	0.26	0.212	0.44	0.552	0.296	0.2	0.38	0.18	0.508
CCND1	75.976	5.068	47.604	1.984	7.34	0.964	8.332	6.5	2.428	1.26	46.332	4.504	3.452	7.436	8.9	10.7	4.28	2.796	103.508	3.48	47.672	38.056	0.9	1.26	3.584	3.46	2.46	1.092	83.488	1.648	5.42	1.188	34.452	2.62	5.064	2.192	0.788	1.576	4.108	1.536
IL23A	0.108	0.116	0.116	0.256	0.484	0.136	0.176	0.648	0.116	0.22	0.072	0.24	0.208	0.5	0.244	0.744	0.14	0.196	0.244	0.188	0.072	0.06	0.156	0.268	0.088	0.256	0.06	0.064	0.16	0.056	0.084	0.092	0.068	0.364	0.308	0.088	0.164	0.152	0.26	0.492
CDKN1B	1.48	0.356	0.596	0.228	0.72	0.288	0.472	0.34	0.152	0.176	0.696	0.648	0.352	0.484	0.72	0.732	0.4	0.264	1.444	0.38	0.66	0.62	0.12	0.212	0.188	0.26	0.252	0.052	0.972	0.216	0.264	0.296	0.396	0.504	0.448	0.152	0.196	0.196	0.584	0.12
KLRB1	0.108	0.184	0.092	0.5	0.552	0.336	0.372	0.472	0.112	0.124	0.076	0.24	0.288	0.436	0.38	0.784	0.252	0.148	0.176	0.284	0.08	0.164	0.144	0.212	0.156	0.332	0.168	0.088	0.244	0.184	0.22	0.088	0.056	0.54	0.256	0.124	0.176	0.176	0.392	0.308
LOX	0.884	0.26	0.248	1.084	0.604	1.124	0.812	0.712	0.612	0.62	0.396	0.852	0.564	0.54	0.824	1.284	0.512	0.54	0.328	0.932	0.672	0.548	0.668	0.78	0.388	0.288	0.368	0.188	0.284	0.268	0.24	0.252	0.124	1.484	0.728	0.38	0.46	0.504	0.948	1.196
GZMK	0.112	0.04	0.044	0.108	0.132	0.02	0.076	0.096	0.036	0.048	0.02	0.06	0.044	0.084	0.084	0.14	0.096	0.036	0.048	0.084	0.044	0.044	0.036	0.048	0.056	0.076	0.044	0.036	0.044	0.04	0.032	0.076	0.028	0.084	0.084	0.032	0.036	0.08	0.096	0.04
IL12B	0.184	0.136	0.072	0.264	0.528	0.212	0.276	0.464	0.092	0.156	0.172	0.188	0.204	0.356	0.36	0.392	0.1	0.56	0.12	0.204	0.12	0.108	0.204	0.336	0.188	0.26	0.228	0.044	0.2	0.108	0.148	0.168	0.04	0.36	0.356	0.104	0.192	0.336	0.24	0.236
SELL	0.204	0.088	0.108	0.18	0.288	0.104	0.14	0.2	0.04	0.1	0.096	0.112	0.192	0.156	0.136	0.224	0.056	0.172	0.24	0.084	0.084	0.036	0.136	0.184	0.14	0.14	0.136	0.056	0.208	0.116	0.048	0.092	0.068	0.136	0.168	0.044	0.04	0.028	0.104	0.1
TGFB3	1.896	3.82	2.156	8.072	5.356	3.716	5.196	2.648	2.176	3.716	1.556	3.188	3.688	4.256	3.236	8.72	5.936	2.644	2.884	2.704	1.936	0.536	2.664	3.72	3.344	2.276	3.696	0.804	2.528	2.692	2.064	2.368	0.28	8.1	5.148	0.98	2.9	3.428	3.052	4.472
DUSP1	2.572	0.268	0.6	0.6	1.008	0.68	0.444	1.256	0.416	0.576	0.944	1.688	0.936	1.408	0.916	0.62	0.328	1.076	2.248	0.22	0.936	0.872	0.912	0.696	0.808	1.168	0.652	0.284	1.328	0.528	0.364	0.568	0.912	0.932	0.512	0.592	0.4	0.58	0.484	0.5
EGR1	4.364	0.224	0.952	0.636	2.064	0.516	0.796	3.104	0.416	0.788	0.276	0.636	1.044	1.368	1.064	0.556	1.2	0.816	2.068	0.404	1.484	0.776	1.1	0.768	1.708	0.896	0.944	0.32	1.224	0.652	0.624	0.52	1.22	0.796	1.268	0.324	0.324	0.468	0.444	0.36
KLRK1	0.252	0.16	0.136	0.148	0.404	0.096	0.204	0.212	0.108	0.076	0.056	0.112	0.196	0.172	0.088	0.252	0.156	0.08	0.312	0.116	0.052	0.16	0.124	0.168	0.096	0.112	0.06	0.04	0.136	0.084	0.112	0.116	0.04	0.152	0.1	0.06	0.064	0.1	0.2	0.4
TNFSF10	12.652	0.5	8.492	1.08	3.564	2.52	0.62	2.596	1.448	1.356	10.296	0.996	3.112	2.696	1.44	1.144	0.692	2.16	14.344	0.516	9.544	10.436	2.236	1.188	2.06	1.416	2.28	0.588	10.356	1.068	0.704	0.656	6.792	1.032	2.444	1.048	1.736	2.264	0.944	0.62
CXCR4	3.084	2.088	0.932	2.5	1.712	2.32	3.008	1.184	2.812	2.364	1.028	1.916	3.268	1.288	2.276	5.256	2.468	1.176	3.556	2.444	1.984	1.492	1.74	1.856	2.624	1.308	1.912	0.96	1.9	1.828	1.112	1.824	0.884	3.556	1.592	0.956	1.764	1.16	2.448	2.568
TWIST1	0.692	0.2	0.32	1.316	2.02	0.172	0.444	1.236	0.256	1.048	0.308	0.664	1.008	1.092	0.976	0.78	0.16	1.152	0.34	0.288	0.432	0.736	0.76	1.252	0.556	0.612	0.512	0.432	0.308	0.592	0.276	0.572	0.268	1.844	1.34	0.644	0.66	1.184	0.636	0.288
LRP1	3.064	0.88	1.688	1.34	2.908	1.312	1.692	0.84	1.78	1.52	0.836	0.936	2.204	0.688	1.168	2.252	0.764	0.652	2.732	0.668	1.736	1.524	0.928	1.004	1.612	0.56	1.652	0.712	1.928	0.932	0.632	0.684	0.8	1.236	0.664	0.216	0.452	0.896	1.352	0.404
CDKN1A	1.808	0.356	1.984	0.728	1.364	1.232	0.788	0.584	0.552	0.32	0.892	0.616	1.02	0.528	0.42	1.532	0.592	0.696	1.064	0.54	0.868	1.276	0.816	0.788	1.04	0.3	1.052	0.24	0.588	0.648	0.14	0.432	0.404	0.524	0.588	0.248	0.736	0.916	0.408	0.584
SOX9	0.34	0.216	0.268	0.304	0.404	0.164	0.196	0.196	0.128	0.312	0.12	0.236	0.344	0.268	0.632	0.376	0.196	0.16	0.444	0.12	0.184	0.216	0.124	0.312	0.264	0.148	0.172	0.072	0.436	0.184	0.132	0.164	0.052	0.404	0.3	0.124	0.14	0.372	0.432	0.144
CCR7	0.032	0.02	0.02	0.14	0.176	0.096	0.156	0.388	0.056	0.16	0.036	0.184	0.16	0.184	0.184	0.18	0.064	0.076	0.1	0.104	0.06	0.068	0.112	0.108	0.204	0.192	0.1	0.048	0.052	0.08	0.052	0.148	0.012	0.172	0.132	0.04	0.096	0.064	0.088	0.108
KLF2	1.712	0.688	0.512	1.288	1.928	0.772	1.608	2.256	0.912	0.884	0.264	0.452	1.296	0.804	1.172	1.864	0.616	0.74	2.956	0.64	0.76	0.34	0.928	1.616	1.012	0.92	0.868	0.484	1.308	0.56	0.432	0.644	0.372	1.236	1.048	0.376	0.44	0.68	0.744	0.524
RAF1	1.1	0.292	0.892	0.7	0.748	0.416	0.896	0.472	1.452	0.552	0.672	0.472	1.6	0.52	1.16	0.792	0.372	0.372	0.992	0.448	0.6	0.628	0.384	0.54	1.564	0.46	1.2	0.576	1.02	0.816	0.368	0.256	0.356	1.108	0.328	0.228	0.38	0.392	0.58	0.344
PLVAP	13.472	14.288	11.836	10.976	32.544	14.852	21.384	20.832	16.156	6.172	11.168	7.728	16.84	16.556	15.608	9.528	13.132	13.6	30.56	12.56	17.992	14.34	13.584	13.504	16.864	11.992	16.168	5.84	12.72	9.956	4.224	4.324	6.228	5.988	21.364	7.856	11.632	11.32	19.764	12.42
BST2	16.324	1.064	11.696	1.396	2.724	0.856	1.72	3.356	3.14	1.468	10.86	1.052	5.256	2.36	1.832	1.944	0.94	1.788	14.48	0.816	13.196	9.968	1.02	2.156	3.696	1.652	3.056	0.928	13.908	1.952	0.464	0.892	8.388	1.612	3.42	1.044	0.452	0.628	1.48	0.784
LGR6	0.34	0.1	0.056	0.26	0.66	0.204	0.124	0.26	0.02	0.048	0.1	0.064	0.068	0.304	0.308	0.152	0.068	0.196	0.092	0.064	0.06	0.1	0.18	0.26	0.084	0.256	0.064	0.012	0.288	0.044	0.04	0.104	0.08	0.34	0.284	0.06	0.08	0.096	0.148	0.06
CCNB1	0.636	0.172	0.224	0.364	0.296	0.232	0.392	0.216	0.304	0.172	0.3	0.228	0.472	0.44	0.168	0.444	0.228	0.172	0.756	0.216	0.308	0.348	0.084	0.292	0.292	0.176	0.168	0.068	0.24	0.196	0.108	0.064	0.112	0.536	0.348	0.064	0.064	0.196	0.552	0.216
PDGFRA	0.632	0.076	0.176	0.408	0.92	0.372	0.168	0.356	0.36	0.168	0.188	0.436	0.352	0.424	0.184	0.292	0.076	0.34	0.38	0.108	0.096	0.196	0.564	0.472	0.332	0.196	0.432	0.152	0.28	0.312	0.092	0.52	0.104	1.032	0.58	0.208	0.16	0.204	0.28	0.144
APC	0.536	0.388	0.328	0.776	1.14	0.416	0.776	0.664	0.256	0.516	0.268	0.6	0.26	0.496	0.58	0.712	0.296	0.204	0.62	0.352	0.464	0.352	0.176	0.536	0.3	0.364	0.3	0.168	0.52	0.264	0.2	0.292	0.104	0.92	0.364	0.204	0.288	0.372	0.42	0.396
TBX3	0.192	0.464	0.196	0.66	0.588	0.688	0.74	0.736	0.504	0.38	0.196	0.824	0.684	0.432	0.744	1.112	0.456	0.272	0.316	0.42	0.136	0.204	0.516	0.812	0.676	0.424	0.452	0.216	0.304	0.468	0.256	0.392	0.068	1.14	0.56	0.26	0.268	0.436	0.304	0.596
CDK4	1.508	0.604	0.912	0.884	1.316	0.632	1.152	0.668	1.248	0.476	0.364	0.584	1.712	0.732	0.544	1.344	0.452	0.348	2	0.456	0.892	0.76	0.644	0.836	1.42	0.6	1.308	0.488	0.944	0.888	0.368	0.284	0.576	1.296	0.6	0.164	0.28	1.1	0.764	0.372
BLK	0.04	0.068	0.02	0.14	0.156	0.096	0.316	0.18	0.02	0.056	0.072	0.12	0.06	0.092	0.072	0.172	0.092	0.048	0.04	0.104	0.056	0.032	0.1	0.092	0.04	0.04	0.032	0.012	0.056	0.056	0.064	0.084	0.032	0.228	0.176	0.032	0.068	0.112	0.08	0.056
TLR2	0.592	0.192	0.572	0.32	0.812	0.196	0.428	0.876	0.18	0.308	0.396	0.136	0.3	0.84	0.38	0.552	0.176	0.26	0.68	0.144	0.6	0.332	0.34	0.26	0.236	0.376	0.192	0.1	0.5	0.16	0.128	0.268	0.212	0.44	0.356	0.18	0.176	0.164	0.264	0.12
MMP7	0.024	0.04	0.036	0.264	0.148	0.056	0.076	0.104	0.092	0.172	0.02	0.044	0.212	0.036	0.044	0.2	0.036	0.048	0.08	0.06	0.004	0.068	0.032	0.024	0.096	0.016	0.108	0.008	0.012	0.048	0.012	0.188	0.008	0.176	0.076	0.04	0.016	0.064	0.068	0.048
LYZ	2.376	0.352	0.956	0.356	0.304	1.052	0.46	0.62	2.716	0.932	1	1.012	5.34	0.324	1.312	1.656	0.44	0.82	2.82	0.404	0.892	0.872	0.988	0.592	8.908	0.332	9.672	1.668	0.832	3.892	0.328	0.54	0.4	0.688	0.828	0.432	0.88	0.52	1.668	0.212
LRP6	1.056	0.284	0.568	0.512	0.936	0.44	0.844	0.596	0.432	0.404	0.424	0.34	0.672	0.816	0.72	0.832	0.348	0.28	1.032	0.504	0.548	0.512	0.244	0.244	0.416	0.224	0.388	0.172	0.364	0.424	0.228	0.336	0.276	0.696	0.472	0.244	0.188	0.26	0.632	0.484
VWF	16.084	6.88	3.272	5.296	14.448	4.872	6.9	9.508	3.284	3.992	13.912	5.6	5.16	10.644	5.092	9.628	5.22	4.612	13.728	6.52	9.336	6.588	6.128	5.136	5.18	7.532	8.2	3.088	8.06	2.396	3.704	3.908	2.256	8.06	4.208	6.356	4.556	3.18	7.584	3.016
CDH1	0.424	0.184	0.164	0.08	0.38	0.08	0.2	0.248	0.336	0.048	0.236	0.12	0.44	0.148	0.144	0.292	0.1	0.112	0.292	0.108	0.184	0.236	0.056	0.044	0.376	0.1	0.256	0.1	0.208	0.188	0.116	0.116	0.128	0.144	0.196	0.076	0.04	0.06	0.228	0.212
PDGFRB	8.08	1.964	4.196	3.072	12.32	4.808	6.588	10.312	5.176	4.324	2.068	5.164	8.004	5.576	11.128	7.816	2.972	3.464	12.412	2.896	5.916	3.588	4.064	4.456	5.664	4.86	7	1.58	7.248	4.308	3.676	2.608	5.56	6.888	4.724	2.2	3.708	3.332	6.816	2.356
FLT4	2.444	1.876	2.012	2.856	5.072	1.408	1.484	3.932	1.336	2.976	1.34	3.132	1.452	3.52	2.208	3.756	1.22	2.504	3.436	2.888	0.724	0.708	1.832	1.952	0.696	3.844	1.312	0.76	2.412	0.524	2.36	1.772	1.12	3.048	3.692	1.404	1.212	2.584	4.336	2.264
CREBBP	2.076	0.636	1.212	0.72	1.284	0.532	0.86	0.528	0.648	0.432	1.24	0.596	0.928	0.5	0.632	1.148	0.488	0.5	2.812	0.484	1.132	1.168	0.312	0.584	0.56	0.384	0.588	0.252	1.62	0.344	0.44	0.528	0.716	0.868	0.612	0.16	0.356	0.444	0.836	0.516
IL1B	0.332	0.148	0.448	0.484	0.644	0.22	0.276	0.268	0.112	0.168	0.232	0.212	0.088	0.312	0.192	0.424	0.1	0.224	0.092	0.184	0.136	0.196	0.08	0.308	0.128	0.08	0.068	0.028	0.224	0.068	0.208	0.076	0.128	0.56	0.124	0.064	0.144	0.272	0.3	0.212
BRD4	2.3	0.892	1.208	1.692	2.084	1.528	2.144	1.664	1.688	1.188	0.868	0.852	2.296	0.86	1.984	4.12	1.384	0.948	1.992	1.18	1.164	1.084	0.948	1.164	1.78	0.736	1.632	0.82	1.556	1.212	1.06	1.096	0.624	2.472	1.424	0.604	0.716	0.928	1.888	0.896
EPCAM	0.268	0.068	0.116	0.088	0.256	0.036	0.096	0.168	0.116	0.076	0.088	0.024	0.192	0.196	0.096	0.228	0.088	0.06	0.204	0.148	0.104	0.148	0.076	0.072	0.136	0.108	0.14	0.072	0.056	0.084	0.028	0.04	0.048	0.112	0.052	0.032	0.096	0.088	0.192	0.072
AKT3	0.924	1.104	0.328	0.928	1.2	0.324	1.652	1.428	0.34	0.356	0.252	0.528	0.704	0.768	0.552	1.736	0.788	0.564	0.492	0.592	0.408	0.088	0.456	0.72	0.612	0.204	0.512	0.276	0.216	0.46	0.22	0.452	0.188	0.94	0.748	0.232	0.216	0.292	0.592	0.536
GNLY	0.144	0.096	0.088	0.232	0.244	0.192	0.204	0.396	0.204	0.128	0.088	0.152	0.156	0.176	0.172	0.408	0.124	0.2	0	0.128	0.368	0.216	0.108	0.128	0.12	0.08	0.064	0.104	0.144	0.056	0.12	0.06	0.104	0.236	0.232	0.044	0.052	0.156	0.3	0.192
KDR	6.94	2.94	4.696	4.636	16.392	4.3	10.036	10.752	5.664	2.8	8.368	4.904	7.268	9.716	3.94	9.264	4.736	7.588	7.824	5.452	7.204	5.324	4.196	3.876	6.324	5.3	6.044	2.22	6.676	4.416	3.528	3.408	3.268	5.672	9.988	4.248	4.8	2.776	9.424	5.46
PIK3CA	1.436	0.612	0.612	0.864	0.912	0.424	0.972	0.988	0.568	0.524	0.692	0.64	1.024	1.024	0.58	1.052	0.556	0.432	1.068	0.528	0.956	0.5	0.436	0.456	0.596	0.468	0.656	0.232	1.424	0.456	0.288	0.388	0.356	0.628	0.904	0.168	0.284	0.368	1.4	0.404
LAMC2	0.116	0.08	0.124	0.196	0.148	0.08	0.084	0.124	0.12	0.112	0.02	0.084	0.18	0.084	0.08	0.416	0.084	0.132	0.048	0.108	0.032	0.048	0.04	0.072	0.088	0.132	0.072	0.04	0.036	0.172	0.048	0.072	0.004	0.14	0.088	0.052	0.04	0.124	0.124	0.12
MCM6	1.068	0.372	0.412	0.412	0.876	0.304	0.552	0.72	0.544	0.16	0.488	0.324	0.74	0.328	0.5	0.792	0.208	0.376	1.196	0.304	0.4	0.304	0.38	0.28	0.628	0.396	0.676	0.26	1.036	0.356	0.252	0.172	0.204	0.536	0.388	0.076	0.176	0.212	0.596	0.42
FGF2	0.464	0.216	0.248	0.796	0.692	0.388	0.38	0.98	0.216	0.436	0.148	0.5	0.416	1.148	0.66	0.82	0.252	0.412	0.252	0.34	0.272	1.16	0.236	0.564	0.372	0.56	0.244	0.152	0.16	0.236	0.296	0.596	0.064	1.04	0.504	0.18	0.188	0.428	0.616	0.372
STAT3	2.612	0.908	1.988	1.8	2.564	0.908	1.928	1.252	1.228	0.748	1.612	0.656	1.664	0.792	1.448	1.924	1.2	0.796	3.212	1.04	1.488	1.884	1.048	1.044	1.272	0.992	1.144	0.388	1.924	0.956	0.552	0.932	0.916	1.364	1.52	0.648	0.732	1.104	2.188	0.6
ICAM1	0.452	0.156	0.456	0.256	0.368	0.328	0.432	0.32	0.768	0.204	0.268	0.312	0.716	0.124	0.34	0.452	0.188	0.22	0.24	0.14	0.124	0.28	0.204	0.528	0.912	0.144	0.42	0.224	0.292	0.364	0.044	0.308	0.144	0.42	0.452	0.108	0.152	0.188	0.268	0.416
CXCL9	0.556	0.84	0.608	0.488	0.588	0.332	0.388	0.776	0.7	0.648	0.124	1.436	2.604	0.608	0.952	0.808	0.224	1.648	0.324	0.272	0.416	0.84	0.412	1.132	4.904	0.612	3.18	0.536	0.664	2.748	0.636	1.176	0.26	1.472	3.184	1.708	0.188	0.376	0.36	0.552
MCM2	0.352	0.184	0.188	0.272	0.368	0.04	0.212	0.368	0.22	0.148	0.22	0.184	0.432	0.132	0.36	0.388	0.18	0.14	0.256	0.2	0.132	0.108	0.14	0.34	0.488	0.204	0.272	0.116	0.14	0.216	0.06	0.076	0.108	0.348	0.308	0.052	0.068	0.176	0.26	0.228
MSH3	0.64	0.352	0.312	0.42	1.276	0.228	0.336	0.508	0.248	0.32	0.364	0.392	0.284	0.416	0.204	0.596	0.348	0.44	0.476	0.168	0.212	0.2	0.312	0.452	0.324	0.316	0.304	0.104	0.66	0.216	0.212	0.176	0.156	0.548	0.684	0.288	0.216	0.204	0.456	0.356
LAMP3	0.044	0.036	0.016	0.08	0.02	0.004	0.084	0.048	0.04	0.012	0.052	0.04	0.112	0.012	0.044	0.056	0.036	0.016	0.028	0.016	0.004	0.008	0.02	0.016	0.048	0.032	0.048	0.012	0.068	0.048	0.012	0.04	0.012	0.06	0.04	0.008	0	0.032	0.04	0.036
PMS2	0.388	0.156	0.26	0.364	0.472	0.32	0.42	0.428	0.188	0.18	0.244	0.264	0.352	0.204	0.484	0.664	0.16	0.14	0.216	0.184	0.176	0.148	0.064	0.232	0.204	0.192	0.172	0.1	0.212	0.16	0.092	0.116	0.12	0.456	0.32	0.1	0.164	0.212	0.436	0.204
KLRG1	0.256	0.052	0.06	0.192	0.084	0.12	0.16	0.116	0.032	0.052	0.024	0.064	0.104	0.248	0.272	0.504	0.072	0.136	0.16	0.124	0.028	0.088	0.148	0.168	0.06	0.068	0.08	0.048	0.152	0.076	0.088	0.076	0.032	0.104	0.18	0.08	0.056	0.116	0.148	0.124
CDK2	1.012	0.436	0.932	0.832	0.924	0.66	0.904	0.724	0.52	0.244	0.856	0.776	0.728	0.94	0.932	1.188	0.408	0.46	1.64	0.54	0.696	0.4	0.316	0.668	0.596	0.568	0.708	0.276	1.112	0.408	0.392	0.32	0.396	0.788	0.78	0.256	0.536	0.432	0.848	0.408
RB1	1.332	0.476	0.616	0.796	0.804	0.324	0.6	0.424	0.456	0.288	0.644	0.36	0.708	0.692	0.52	1.06	0.34	0.428	0.936	0.46	0.744	0.58	0.732	0.26	0.484	0.348	0.376	0.144	1.224	0.36	0.312	0.364	0.684	0.612	1.012	0.22	0.188	0.348	1.264	0.52
ITGAX	0.788	0.324	0.428	0.3	0.828	0.208	0.436	0.476	0.368	0.24	0.424	0.216	0.74	0.38	0.676	1.504	0.272	0.436	1.216	0.324	0.332	0.24	0.248	0.54	0.7	0.22	0.428	0.252	0.504	0.608	0.112	0.376	0.296	0.384	0.436	0.188	0.172	0.1	0.336	0.148
TP53	0.872	0.756	0.692	0.616	1.208	0.288	0.6	0.336	0.516	0.272	0.472	0.428	0.912	0.464	0.512	0.952	0.604	0.348	1.608	0.324	0.588	0.64	0.256	0.376	0.504	0.312	0.548	0.216	0.664	0.284	0.404	0.292	0.456	0.808	0.86	0.272	0.16	0.436	0.62	0.312
IFNAR1	1.616	0.468	1.18	0.84	0.612	0.82	0.792	0.652	0.62	0.396	0.56	0.356	0.692	0.56	0.668	0.876	0.264	0.452	1.328	0.424	1.092	0.676	0.528	0.496	0.624	0.304	0.5	0.18	0.824	0.556	0.184	0.616	0.508	0.732	0.716	0.228	0.38	0.656	0.608	0.312
ACKR3	1.704	1.268	0.732	1.636	1.248	1.428	1.62	2.088	0.308	1.18	0.376	1.156	0.376	1.728	2.124	1.732	1.092	0.668	3.096	1.22	0.76	0.812	0.688	1.584	0.408	0.708	0.688	0.192	1.096	0.272	0.52	0.644	0.552	1.784	0.864	0.904	1.016	0.924	2.044	1.32
SFRP2	3.492	1.732	0.34	4.328	4.308	2.748	3.792	0.516	2.308	3.264	0.72	2.708	3.296	0.416	3.796	5.108	2.648	0.44	4.264	1.572	0.352	1.016	1.74	3.356	1.228	0.548	1.464	0.972	1.696	0.352	1.544	1.032	0.24	3.988	0.42	0.136	2.06	2.72	5.444	0.736
GZMA	0.208	0.084	0.048	0.1	0.264	0.056	0.16	0.132	0.068	0.064	0.02	0.076	0.132	0.116	0.06	0.152	0.132	0.056	0.048	0.132	0.068	0.028	0.036	0.068	0.044	0.068	0.076	0.036	0.092	0.068	0.052	0.068	0	0.072	0.1	0.024	0.076	0.028	0.132	0.088
DUSP6	5.408	2.696	2.132	3.66	4.492	1.292	3.576	1.94	1.444	2.284	2.62	1.528	1.816	3.336	2.464	4.872	2.504	1.656	7.484	2.168	2.276	2.16	1.272	3.012	1.476	1.16	1.448	0.332	5.708	0.88	0.328	1.228	1.52	3.272	2.512	0.976	0.488	1.06	1.232	0.816
YAP1	2.476	0.948	1.248	1.7	3.096	1.5	1.216	2.748	1.292	1.236	1.256	0.588	1.792	2.7	1.292	1.16	0.672	0.904	1.772	0.676	0.98	1.58	1.664	1.612	1.82	1.576	1.212	0.496	2.268	1.284	0.58	1.088	0.788	1.696	2.888	0.732	1.128	1.488	1.108	0.728
ITGA1	4.284	1.488	2.268	3.092	4.996	1.168	3.932	5.352	4.616	2.588	2.684	2.532	3.796	1.9	2.372	8.936	2.556	1.712	6.34	1.92	4.46	2.192	0.764	1.12	2.096	2.608	1.952	0.92	3.704	0.864	1.332	0.756	1.124	3.672	4.844	1.252	1.716	2.796	3.436	3.78
WNT3A	0.512	0.156	0.164	0.248	0.872	0.328	0.272	0.664	0.112	0.256	0.264	0.316	0.16	0.524	0.428	0.432	0.084	0.432	0.604	0.16	0.46	0.364	0.272	0.788	0.188	0.368	0.148	0.088	0.552	0.108	0.168	0.24	0.104	0.484	0.34	0.164	0.188	0.224	0.876	0.264
FZD7	0.044	0.096	0.044	0.208	0.272	0.072	0.176	0.132	0.104	0.112	0.056	0.108	0.096	0.136	0.112	0.332	0.136	0.204	0.128	0.1	0.052	0.04	0.036	0.232	0.1	0.08	0.076	0.028	0.044	0.068	0.016	0.076	0.016	0.108	0.092	0.02	0.02	0.064	0.136	0.112
CSF1R	0.22	0.08	0.104	0.156	0.212	0.196	0.172	0.176	0.104	0.16	0.06	0.072	0.216	0.116	0.104	0.216	0.14	0.096	0.136	0.128	0.144	0.124	0.072	0.184	0.064	0.204	0.128	0.04	0.144	0.096	0.088	0.052	0.06	0.364	0.096	0.048	0.064	0.148	0.436	0.076
KIT	0.452	0.252	0.144	0.244	0.412	0.172	0.548	0.284	0.352	0.112	0.08	0.332	0.472	0.236	0.344	0.412	0.276	0.104	0.244	0.144	0.156	0.128	0.084	0.072	0.156	0.16	0.384	0.144	0.26	0.18	0.192	0.092	0.072	0.188	0.148	0.108	0.044	0.164	0.44	0.268
PREX2	4.764	2.208	3.896	4.54	2.932	2.504	4.356	2.656	1.624	3.336	2.256	3.772	1.808	2.804	4.248	4.316	2.78	3.388	2.152	1.82	3.344	1.736	2.42	1.664	1.564	3.404	2.092	0.844	4.816	1.744	1.684	2.16	0.796	5.616	2.96	1.604	2.696	2.392	4.576	2.66
TNFRSF13C	0.008	0.04	0	0.072	0.036	0.02	0.104	0.04	0.02	0.028	0.016	0.052	0.072	0.048	0.016	0.08	0.052	0.016	0.028	0.04	0.012	0.004	0.032	0.08	0.06	0.004	0.056	0.004	0.02	0.044	0.012	0.036	0.008	0.084	0.016	0.008	0.004	0.02	0.032	0.096
CXCR5	0.088	0.068	0.048	0.256	0.396	0.052	0.148	0.188	0.052	0.036	0.032	0.12	0.064	0.212	0.16	0.244	0.06	0.076	0.084	0.096	0.028	0.02	0.064	0.128	0.056	0.064	0.068	0.048	0.052	0.056	0.024	0.052	0.016	0.212	0.148	0.02	0.084	0.152	0.164	0.188
CCR5	0.12	0.052	0.088	0.064	0.1	0.04	0.056	0.116	0.044	0.076	0.036	0.04	0.08	0.072	0.056	0.104	0.072	0.052	0.044	0.12	0.064	0.052	0.056	0.052	0.06	0.108	0.052	0.016	0.084	0.044	0.024	0.036	0.028	0.056	0.056	0.02	0.032	0.04	0.088	0.14
MAML1	0.928	0.536	0.852	0.664	0.836	0.344	1.164	0.784	0.504	0.26	1.128	0.428	0.52	0.804	0.836	1.66	0.608	0.504	1.636	0.584	0.728	0.584	0.344	0.308	0.556	0.376	0.432	0.24	1.116	0.3	0.468	0.412	0.396	0.62	0.588	0.192	0.384	0.584	1.004	0.424
ITGA5	6.436	2.164	2.628	2.148	3.848	1.832	3.836	2.824	3.12	1.144	1.712	0.952	3.26	2.26	3.208	4.624	2.092	1.76	5.7	1.904	2.796	2.756	3.144	1.7	3.708	1.592	3.052	0.992	2.928	2.128	0.66	2.056	0.932	2	2.228	1.132	1.516	1.344	2.648	2.936
CXCL16	0.908	0.316	0.564	0.276	0.888	0.444	0.588	0.364	0.404	0.208	0.46	0.172	0.324	0.328	0.48	0.596	0.404	0.292	0.948	0.236	0.648	0.476	0.208	0.16	0.32	0.296	0.412	0.172	0.736	0.272	0.344	0.152	0.492	0.528	0.3	0.2	0.196	0.288	0.232	0.236
LRP5	1.496	0.256	0.852	0.48	1.164	0.424	0.5	0.812	0.508	0.544	1.04	0.276	0.704	0.32	0.88	0.504	0.232	0.552	1.148	0.156	0.916	0.856	0.568	0.452	0.64	0.504	0.508	0.112	0.92	0.424	0.144	0.364	0.692	0.596	0.404	0.148	0.28	0.252	0.368	0.236
CXCR1	0.084	0.076	0.028	0.616	0.396	0.128	0.288	0.388	0.092	0.18	0.016	0.26	0.088	0.316	0.308	0.588	0.112	0.148	0.084	0.172	0.084	0.1	0.26	0.216	0.096	0.284	0.08	0.04	0.12	0.164	0.084	0.188	0.028	0.508	0.52	0.084	0.208	0.268	0.556	0.276
CCR1	0.412	0.1	0.296	0.38	0.72	0.22	0.196	0.728	0.316	0.144	0.252	0.208	0.448	0.448	0.44	0.312	0.116	0.248	0.424	0.188	0.184	0.172	0.224	0.284	0.308	0.328	0.212	0.1	0.408	0.192	0.14	0.376	0.124	0.268	0.324	0.164	0.176	0.228	0.38	0.204
PLK1	0.984	0.304	0.272	0.276	0.936	0.256	0.56	0.788	0.38	0.1	0.592	0.284	0.8	0.548	0.32	0.58	0.212	0.26	0.88	0.428	0.256	0.488	0.128	0.248	0.548	0.228	0.636	0.172	0.516	0.412	0.144	0.124	0.248	0.52	0.356	0.152	0.128	0.148	0.484	0.348
STAT6	2.164	0.632	1.456	0.932	1.996	0.88	1.716	1.092	1.096	0.604	1.096	0.676	1.408	1.016	0.952	2.736	0.704	0.772	2.476	0.716	1.088	1.244	0.74	0.64	1.152	0.768	0.936	0.364	1.892	0.716	0.6	0.748	0.676	0.908	0.672	0.48	0.54	1.036	1.276	0.58
CD3D	0.108	0.1	0.028	0.16	0.16	0.024	0.092	0.144	0.068	0.044	0.04	0.068	0.096	0.164	0.084	0.144	0.06	0.036	0	0.056	0.012	0.028	0.096	0.032	0.084	0.064	0.072	0.028	0.024	0.084	0.016	0.096	0.004	0.132	0.128	0.024	0.036	0.06	0.112	0.092
CD14	1.164	0.184	0.752	0.296	0.456	0.84	0.276	0.296	0.636	0.384	0.492	0.452	0.828	0.456	0.78	0.428	0.088	0.4	1.368	0.112	1.5	0.336	0.22	0.252	0.376	0.156	0.464	0.172	0.452	0.188	0.172	0.204	0.144	0.24	0.468	0.112	0.244	0.416	0.76	0.184
MZB1	0.004	0	0	0.048	0.012	0.02	0.02	0	0.008	0.008	0.004	0.012	0.016	0.032	0	0.06	0.008	0.04	0.048	0.016	0.024	0	0.008	0.044	0.016	0.004	0.004	0.004	0	0.024	0.004	0.02	0	0.016	0.012	0.016	0.004	0.004	0.032	0.02
ITGB1	12.856	3.816	5.572	3.284	7.94	4.288	5.124	5.14	7.832	2.764	3.496	4.484	9.612	4.22	3.72	11.776	4.14	2.588	12.78	2.868	6.244	4.816	3.024	3.128	7.696	3.06	7.2	2.82	6.812	4.3	1.536	2.284	2.928	4.508	3.864	1.676	2.344	2.412	5.252	2.908
JUNB	2.336	1.264	1.06	1.18	1.804	0.932	1.448	1.804	1.904	0.776	0.816	0.772	1.932	1.052	1.532	1.252	1.568	0.836	2.504	0.852	1.108	0.772	1.088	0.864	2.08	0.708	1.484	0.724	1.64	1.304	0.5	0.808	0.596	1.356	1.204	0.412	0.736	0.812	1.208	0.928
CEBPB	0.36	0.264	0.232	0.348	0.372	0.136	0.332	0.356	0.62	0.172	0.236	0.32	0.54	0.292	0.248	0.648	0.312	0.236	0.544	0.156	0.184	0.132	0.192	0.208	0.544	0.188	0.356	0.196	0.376	0.272	0.356	0.188	0.112	0.596	0.276	0.136	0.176	0.408	0.256	0.26
FOS	2.66	0.172	0.532	0.452	0.8	0.268	0.44	0.496	0.2	0.152	0.552	0.308	0.34	0.844	0.548	0.356	0.264	0.38	0.3	0.12	0.636	0.72	0.38	0.36	0.328	0.648	0.328	0.14	0.22	0.2	0.144	0.24	0.496	0.652	0.512	0.196	0.14	0.24	0.416	0.396
CXCR6	0.036	0.036	0.016	0.088	0.104	0.056	0.06	0.136	0.048	0.024	0.008	0.072	0.052	0.068	0.052	0.108	0.048	0.092	0.02	0.068	0.044	0.008	0.032	0.02	0.024	0.06	0.04	0	0.032	0.016	0.032	0.032	0.004	0.16	0.028	0.036	0.064	0.044	0.068	0.044
IRS1	0.336	0.088	0.324	0.504	0.744	0.208	0.28	0.668	0.172	0.268	0.124	0.28	0.284	0.396	0.26	0.396	0.172	0.224	0.168	0.288	0.124	0.16	0.436	0.768	0.24	0.16	0.188	0.14	0.308	0.112	0.152	0.268	0.104	0.524	0.372	0.108	0.136	0.208	0.344	0.3
ESCO2	0.364	0.156	0.392	0.356	0.524	0.328	0.408	0.552	0.228	0.34	0.276	0.36	0.332	0.64	0.536	0.616	0.076	0.736	0.704	0.224	0.216	0.46	0.288	0.98	0.324	0.472	0.308	0.064	0.428	0.228	0.112	0.14	0.236	0.608	0.912	0.24	0.232	0.424	0.52	0.268
CCL11	0.292	0.1	0.168	0.288	0.932	0.276	0.132	0.876	0.244	0.228	0.06	0.212	0.572	0.304	0.464	0.372	0.068	0.184	0.128	0.212	0.084	0.412	0.28	0.384	0.416	0.404	0.252	0.164	0.344	0.292	0.088	0.12	0.156	0.368	0.416	0.18	0.196	0.324	0.384	0.244
BMP1	2.392	0.904	1.072	1.392	1.768	1.988	2.228	2.06	1.768	0.872	1.016	1.768	2.112	1.284	1.344	3.112	1.296	0.816	2.484	1.164	0.78	0.756	0.956	2.092	1.428	1.088	1.82	0.556	1.056	1.224	0.516	1.468	0.532	1.048	1.96	0.632	0.74	1.192	1.488	1.432
TMEM37	0.308	0.176	0.228	0.668	0.284	0.256	0.32	0.376	0.268	0.248	0.104	0.664	0.324	0.312	0.396	0.512	0.136	0.208	0.36	0.216	0.072	0.132	0.172	0.468	0.132	0.22	0.3	0.192	0.22	0.184	0.184	0.224	0.18	0.488	0.812	0.108	0.088	0.38	0.516	0.228
CXCL10	0.268	0.116	0.272	0.376	0.436	0.096	0.38	0.368	0.076	0.204	0.128	0.24	0.176	0.324	0.172	0.36	0.084	0.104	0.104	0.148	0.092	0.28	0.12	0.18	0.228	0.172	0.128	0.028	0.096	0.084	0.236	0.132	0.016	0.672	0.332	0.196	0.184	0.084	0.336	0.252
CXCL11	0.784	0.184	0.324	0.632	1.72	0.292	0.444	0.916	0.464	0.284	0.252	0.68	0.82	0.544	0.424	0.844	0.244	0.244	0.324	0.3	0.304	1.148	0.172	0.384	1.128	0.38	0.464	0.22	0.268	0.464	0.344	0.18	0.1	0.684	1.084	0.516	0.456	0.5	0.824	0.628
IGF1	0.628	0.2	0.048	1.188	0.784	0.296	0.228	0.48	0.168	0.88	0.104	0.392	0.548	0.492	0.372	0.364	0.276	0.38	0.256	0.304	0.228	0.188	0.224	0.152	0.192	0.372	0.3	0.2	0.144	0.28	0.152	0.212	0.104	0.472	0.396	0.216	0.236	0.368	0.44	0.232
BCL2L1	1.604	0.628	1.292	0.896	1.468	0.936	0.86	1.02	1.024	1.076	1.028	0.8	1.176	0.464	1	1.328	0.736	0.484	1.904	0.488	1.52	1.392	0.7	0.772	1.36	0.464	1.124	0.292	1.584	0.628	0.6	0.416	0.552	1.144	0.852	0.364	0.64	0.736	0.732	1.136
HAVCR2	0.476	0.16	0.396	0.168	0.56	0.272	0.148	0.344	0.236	0.072	0.16	0.14	0.232	0.276	0.236	0.256	0.08	0.152	0.832	0.136	0.384	0.2	0.084	0.084	0.092	0.168	0.2	0.052	0.352	0.064	0.092	0.092	0.092	0.24	0.288	0.052	0.136	0.088	0.172	0.128
CTSW	0.192	0.072	0.084	0.26	0.336	0.236	0.164	0.156	0.116	0.16	0.092	0.068	0.196	0.252	0.168	0.464	0.248	0.124	0.128	0.088	0.06	0.112	0.176	0.068	0.144	0.12	0.12	0.068	0.112	0.096	0.032	0.112	0.048	0.212	0.12	0.06	0.188	0.12	0.172	0.18
TLR1	0.296	0.32	0.268	0.236	0.34	0.148	0.136	0.228	0.136	0.196	0.216	0.108	0.176	0.16	0.252	0.284	0.18	0.144	0.296	0.3	0.16	0.244	0.164	0.192	0.112	0.144	0.124	0.088	0.116	0.12	0.04	0.172	0.096	0.248	0.204	0.044	0.072	0.192	0.26	0.208
XCR1	0.108	0.084	0.024	0.164	0.14	0.124	0.196	0.216	0.064	0.092	0.068	0.084	0.116	0.14	0.172	0.284	0.144	0.128	0.112	0.1	0.048	0.072	0.024	0.144	0.112	0.148	0.088	0.028	0.092	0.032	0.04	0.112	0.072	0.28	0.208	0.052	0.072	0.06	0.164	0.084
VEGFB	0.852	0.192	0.524	0.824	1.008	0.476	0.476	0.396	0.356	0.456	0.46	0.184	0.48	0.564	0.336	1.216	0.396	0.388	0.672	0.348	0.568	0.58	0.42	0.656	0.348	0.42	0.396	0.156	0.54	0.208	0.288	0.248	0.176	0.688	0.412	0.144	0.408	0.368	0.72	0.328
HRAS	0.848	0.316	0.472	0.792	0.652	0.432	0.664	0.972	0.324	0.384	0.264	0.352	0.444	0.428	0.8	0.936	0.336	0.344	1.116	0.316	0.616	0.472	0.412	0.572	0.484	0.416	0.336	0.104	0.976	0.376	0.292	0.196	0.392	0.924	0.448	0.14	0.308	0.384	0.612	0.476
CD248	3.508	1.564	2.356	4.868	2.112	4.2	4.048	5.236	1.244	2.392	1.696	2.672	5.504	2.832	2.4	3.356	2.88	3.624	5.268	2.216	3.716	2.14	3.384	2.704	4.992	2.348	4.668	1.544	2.132	4.768	1.064	1.332	1.804	4.236	3.044	1.916	2.432	3.08	4.544	3.048
KRAS	1.412	0.876	1.136	0.5	1.244	0.748	1.24	0.904	0.828	0.3	0.928	0.848	1.084	0.6	0.892	1.1	0.52	0.608	2.304	0.564	0.884	0.904	0.3	0.748	0.848	0.564	0.752	0.396	2.232	0.6	0.432	0.368	0.736	0.584	0.564	0.32	0.368	0.508	0.752	0.576
FOSL1	0.196	0.104	0.1	0.612	0.592	0.376	0.192	0.876	0.16	0.588	0.116	0.196	0.272	0.316	0.276	0.6	0.22	0.18	0.212	0.124	0.048	0.132	0.228	0.68	0.26	0.408	0.136	0.084	0.168	0.244	0.088	0.336	0.064	0.368	0.52	0.244	0.232	0.232	0.348	0.276
NOS2	0.452	0.408	0.236	0.432	0.884	0.22	0.216	0.66	0.072	0.3	0.136	0.404	0.184	1.036	0.32	0.592	0.208	0.468	0.38	0.288	0.12	0.16	0.192	0.704	0.108	0.3	0.132	0.04	0.316	0.08	0.216	0.324	0.1	1.024	0.304	0.216	0.108	0.296	0.528	0.288
MMP1	0.02	0.028	0.028	0.088	0.228	0.056	0.024	0.128	0.128	0.064	0.04	0.072	0.048	0.096	0.096	0.108	0.016	0.052	0.04	0.036	0.028	0.012	0.024	0.108	0.06	0.076	0.072	0.004	0.044	0.084	0.024	0.028	0.02	0.104	0.084	0.036	0.016	0.092	0.108	0.032
NCAM1	0.144	0.08	0.104	0.56	0.324	0.304	0.12	0.692	0.092	0.26	0.06	0.232	0.224	0.56	0.376	0.3	0.1	0.276	0.192	0.104	0.24	0.236	0.368	0.356	0.26	0.328	0.188	0.112	0.308	0.236	0.152	0.368	0.04	0.64	0.668	0.16	0.06	0.388	0.248	0.152
DERL3	0.104	0.016	0.028	0.1	0.052	0.02	0.072	0.028	0.06	0.068	0	0.032	0.068	0.052	0.04	0.132	0.028	0.064	0.1	0.044	0.064	0.008	0.024	0.024	0.048	0.016	0.024	0.016	0.008	0.044	0.008	0.02	0.016	0.072	0.044	0.02	0.004	0.016	0.08	0.02
RORC	0.344	0.308	0.188	0.732	0.596	0.6	0.516	0.644	0.18	0.14	0.348	0.644	0.232	0.528	0.72	0.932	0.424	0.26	0.548	0.448	0.392	0.216	0.368	0.396	0.204	0.252	0.092	0.04	0.396	0.152	0.168	0.292	0.124	0.916	0.624	0.244	0.364	0.98	0.4	0.388
CD276	5.548	2.344	3.108	2.244	6.012	1.46	2.24	2.304	3.376	1.208	2.56	3.548	4.12	3.324	2.476	5.16	1.464	1.868	7.576	1.168	3.448	3.772	2.312	3.696	4.32	1.28	3.916	0.876	4.92	2.92	2.704	1.504	1.6	3.508	1.692	1.06	1.716	1.992	4.292	1.08
CXCR2	0.272	0.164	0.216	0.756	0.996	0.184	0.284	0.788	0.132	0.204	0.412	0.428	0.376	0.548	0.376	0.508	0.18	0.236	0.32	0.168	0.268	0.176	0.192	0.64	0.304	0.336	0.12	0.12	0.136	0.188	0.156	0.168	0.104	0.708	0.988	0.292	0.064	0.264	0.388	0.172
ZEB1	2.34	1.348	0.68	2.204	4.548	0.616	1.644	3.664	1.224	1.04	0.76	1.456	1.536	3.104	1.776	3.168	1.3	1.7	2.144	2.416	1.292	1.24	1.692	1.244	1.144	2.296	1.276	0.72	1.872	1.372	1.032	0.708	0.824	3.536	2.768	0.592	0.936	1.46	1.792	0.896
HIF1A	3.22	1.516	1.844	2.2	2.196	1.332	1.784	0.82	1.676	0.948	1.66	0.952	1.572	1.608	1.312	1.688	1.096	1.28	2.812	1.08	1.092	1.596	1.084	1.3	1.492	0.832	1.072	0.4	1.768	0.876	0.22	0.504	0.68	1.424	1.644	0.516	1.076	1.052	1.264	0.852
SOX2	0.1	0.116	0.112	0.356	0.32	0.168	0.212	0.352	0.148	0.136	0.032	0.164	0.28	0.212	0.152	0.424	0.184	0.168	0.212	0.22	0.084	0.172	0.14	0.236	0.304	0.18	0.26	0.084	0.076	0.168	0.068	0.172	0.04	0.252	0.292	0.136	0.2	0.136	0.292	0.184
CCR8	0.192	0.032	0.144	0.076	0.28	0.116	0.148	0.272	0.06	0.072	0.076	0.18	0.132	0.152	0.104	0.18	0.1	0.144	0.088	0.092	0.12	0.216	0.056	0.08	0.088	0.116	0.116	0.016	0.08	0.06	0.092	0.06	0.052	0.176	0.224	0.048	0.072	0.188	0.192	0.064
FBLN1	0.736	0.344	0.168	0.424	0.48	0.884	0.724	0.624	0.612	0.468	0.136	0.596	1.08	0.192	0.216	0.86	0.496	0.32	0.42	0.336	0.168	0.256	0.816	0.752	0.756	0.072	1.096	0.268	0.192	0.672	0.16	0.272	0.144	0.768	0.368	0.092	0.784	0.564	0.292	0.272
IFITM1	38.52	4.068	32.38	1.552	4.28	1.972	5.18	3.888	6.968	3.916	30.248	1.2	12.516	3.54	4.096	6.836	3.08	3.704	12.94	3.048	32.496	31.908	2.176	3.004	9.604	2.144	8.912	2.488	15.276	6.42	1.496	2.384	16.144	3.132	3.704	1.628	1.544	2.236	2.016	2.228
CSF1	1.076	0.1	0.684	0.276	1.548	0.216	0.14	0.944	0.336	0.436	0.6	0.24	0.588	0.616	0.544	0.28	0.096	0.496	0.676	0.152	0.972	1.076	0.248	0.468	0.512	0.604	0.696	0.212	1.064	0.276	0.088	0.192	0.276	0.576	0.38	0.4	0.228	0.292	0.504	0.204
EPHB3	0.22	0.212	0.092	0.132	0.504	0.108	0.336	0.116	0.172	0.152	0.164	0.268	0.184	0.344	0.224	0.552	0.256	0.236	0.228	0.156	0.052	0.072	0.072	0.092	0.188	0.196	0.184	0.096	0.244	0.224	0.072	0.128	0.028	0.236	0.164	0.064	0.016	0.08	0.512	0.264
CD86	0.252	0.136	0.16	0.476	0.568	0.212	0.228	0.248	0.08	0.128	0.096	0.128	0.18	0.348	0.248	0.264	0.028	0.176	0.292	0.144	0.068	0.22	0.052	0.24	0.128	0.156	0.068	0.064	0.228	0.108	0.12	0.06	0.028	0.46	0.068	0.052	0.076	0.156	0.236	0.132
STING1	1.18	0.644	0.672	0.912	0.88	0.244	0.8	1.288	0.584	0.36	0.536	0.96	0.776	0.696	1.036	1.048	0.252	0.268	0.704	0.5	0.888	0.42	0.428	0.312	0.592	0.46	0.592	0.24	1.112	0.392	0.268	0.264	0.396	1.032	1.516	0.312	0.328	0.452	0.876	0.528
SOCS3	1.332	0.668	0.772	1.068	0.924	0.408	0.904	0.388	1.128	0.752	0.472	0.48	1.192	0.864	0.724	1.548	0.88	0.808	1.168	0.46	0.292	0.88	0.484	0.888	0.98	0.4	0.68	0.3	1.036	0.664	0.388	0.532	0.156	0.892	0.628	0.384	0.4	0.432	0.704	0.692
CCR4	0.04	0.032	0.012	0.072	0.16	0.064	0.116	0.12	0.052	0.036	0.028	0.048	0.076	0.164	0.072	0.096	0.024	0.056	0.108	0.06	0.012	0.032	0.052	0.068	0.1	0.04	0.088	0.04	0.052	0.052	0.032	0.024	0.02	0.124	0.108	0.028	0.044	0.056	0.16	0.06
IL3RA	0.716	0.72	0.78	0.456	0.92	0.292	0.8	0.988	0.292	0.188	0.396	0.4	0.26	0.592	0.608	0.656	0.48	0.508	0.572	0.376	0.436	0.608	0.244	0.228	0.164	0.64	0.1	0.08	0.936	0.164	0.432	0.34	0.276	0.492	0.716	0.332	0.152	0.448	0.472	0.34
PDGFB	3.892	1.54	1.872	3.712	4.04	4.74	3.248	9.764	3.244	3.716	0.88	3.056	4.628	4.264	2.864	4.012	2.696	3.752	4.124	2.484	2.484	1.832	1.676	4.144	4.508	3.412	3.732	2.724	1.868	3.724	2.552	4.02	0.748	5.012	5.396	2.324	3.292	4.152	8.928	2.34
ASCL2	1.068	0.224	0.512	2.308	3.828	1.892	0.84	2.352	0.48	2.016	0.816	0.756	0.72	1.972	0.5	0.708	0.188	1.132	0.872	0.352	1.596	0.796	1.86	2.056	1.128	1.676	1.088	0.312	0.576	0.636	0.268	0.956	0.404	2.66	1.48	0.52	1.684	1.576	0.588	0.324
TBK1	1.4	0.496	0.796	0.54	0.8	0.488	0.616	0.772	0.484	0.184	0.84	0.512	0.728	0.78	0.932	0.912	0.432	0.42	1.316	0.476	0.952	0.616	0.34	0.168	0.568	0.484	0.604	0.192	1.068	0.28	0.396	0.308	0.512	0.612	0.624	0.296	0.36	0.384	0.856	0.428
BCL2	1.232	0.356	0.708	0.316	1.008	0.172	1.068	0.588	0.56	0.376	0.672	0.368	0.748	0.284	0.248	0.872	0.524	0.292	1.66	0.572	0.828	0.588	0.216	0.544	0.628	0.32	0.636	0.148	0.64	0.256	0.192	0.32	0.612	0.44	0.42	0.208	0.184	0.196	0.496	0.324
PDCD1	0.056	0.036	0	0.072	0.216	0.036	0.092	0.056	0.048	0.032	0.056	0.06	0.024	0.1	0.044	0.12	0.064	0.056	0.056	0.044	0.04	0.024	0.04	0.048	0.056	0.06	0.024	0	0.084	0.004	0.04	0.028	0.012	0.104	0.116	0.044	0.008	0.148	0.04	0.048
PKM	3.612	1.484	1.972	1.024	3.384	1.188	2.496	2.776	2.48	0.736	1.98	1.08	2.776	1.944	2.144	2.172	1.112	0.972	3.924	1.056	1.832	2.388	1.244	1.152	2.812	0.98	2.424	0.748	3.212	1.608	1.02	0.536	1.464	0.9	1.656	0.636	1.108	1.056	1.248	0.484
TNC	0.528	0.228	0.344	0.388	0.184	0.128	0.224	0.584	1.956	0.268	0.1	0.272	3.824	0.288	0.236	0.372	0.148	0.44	0.56	0.16	0.22	0.168	0.472	0.408	5.932	0.16	4.656	2.896	0.34	3.58	0.24	0.216	0.052	0.328	0.232	0.06	0.188	0.164	0.136	0.612
CAV1	6.58	2.84	3.096	3.944	2.596	3.2	4.512	2.2	2.876	2.952	2.316	4.312	3.756	2.232	8.924	6	1.468	2.004	2.936	1.436	3.292	1.84	2.612	3.164	2.712	1.584	5.092	0.968	1.632	2.184	2.4	2.688	0.532	4.092	3.656	0.52	1.268	2.04	2.848	2.568
ATF3	0.38	0.124	0.2	0.368	0.764	0.164	0.184	0.896	0.152	0.216	0.152	0.38	0.264	0.304	0.288	0.608	0.232	0.412	0.312	0.132	0.152	0.272	0.284	0.312	0.296	0.376	0.188	0.08	0.088	0.252	0.296	0.092	0.052	0.596	0.596	0.168	0.552	0.396	0.344	0.296
INSR	13.084	7.924	8.724	6.94	12.132	5.3	9.044	7.152	7.372	6.356	9.396	4.064	6.112	4.668	5.4	14.56	9.948	4.74	11.756	6.856	12.06	7.608	7.164	5.724	5.624	4.04	4.368	2.176	10.868	4.024	2.832	2.916	4.696	4.028	4.292	2.748	4.588	3.996	8.184	6.888
CCR6	0.048	0.06	0.02	0.228	0.404	0.136	0.272	0.308	0.036	0.032	0.096	0.116	0.128	0.216	0.156	0.272	0.088	0.112	0.076	0.184	0.06	0.052	0.064	0.192	0.14	0.096	0.076	0.068	0.056	0.06	0.032	0.112	0.008	0.332	0.216	0.084	0.104	0.164	0.188	0.208
CLEC14A	6.46	2.604	4.164	4.016	1.6	2.66	3.624	3.792	1.696	1.708	1.988	5.244	2.724	3.5	4.248	4.388	2.528	1.8	5.772	1.544	3.612	2.668	2.888	3.108	2.06	5	3.832	1.152	3.86	1.636	1.968	1.724	0.58	7.212	7.18	2.7	1.624	2.912	4.212	3.716
JAK1	1.952	1.276	0.58	0.964	1.224	1.472	1.236	0.964	1.4	0.704	0.636	0.48	1.636	1.26	1.612	2.212	1.344	0.524	1.832	0.676	0.936	0.784	0.836	0.688	1.268	0.332	1.396	0.544	1.196	0.908	0.416	0.98	0.38	1.232	1.088	0.376	0.82	1.056	0.884	0.744
HLA.DQA1	0.052	0.036	0.028	0.124	0.864	0.32	0.136	0.368	0.008	0.048	0.02	0.684	0.02	0.392	0.752	0.108	0.048	0.316	0.032	0.068	0.016	0.004	0.348	0.064	0.02	0.228	0.008	0.004	0.056	0.012	0.236	0.04	0.004	0.16	0.512	0.184	0.176	0.244	0.716	0.332
E2F1	0.328	0.296	0.292	0.592	0.46	0.42	0.516	0.288	0.424	0.316	0.344	0.176	0.636	0.428	0.252	0.676	0.228	0.168	0.656	0.44	0.28	0.28	0.152	0.352	0.648	0.22	0.472	0.292	0.512	0.356	0.132	0.22	0.224	0.66	0.164	0.052	0.252	0.196	0.668	0.42
IDH1	1.852	0.304	0.572	0.96	1.244	0.644	0.736	0.708	0.58	0.34	0.688	0.756	0.652	0.676	0.804	1.008	0.508	0.396	1.824	0.388	0.94	0.844	0.732	0.404	0.692	0.356	0.672	0.104	0.956	0.376	0.544	0.384	0.824	0.752	0.592	0.24	0.82	0.652	0.824	0.38
BAX	1.868	0.828	1.356	0.792	1.096	0.512	0.856	1.256	1.052	0.436	1.376	0.496	1.36	0.94	1.38	1.084	0.736	0.592	2.448	0.528	1.44	1.056	0.496	0.552	1.168	0.608	0.956	0.284	1.284	0.716	0.504	0.652	0.54	1.18	1.064	0.352	0.796	0.724	1.108	1.032
GATA3	2.8	1	1.54	0.676	1.684	0.428	1.964	1.192	1.12	0.356	1.856	0.772	0.8	1.032	1.004	2.344	1.32	0.452	6.872	0.768	2.316	1.656	0.284	0.444	0.692	0.696	0.648	0.188	4.26	0.276	0.82	0.172	1.564	0.636	0.712	0.344	0.284	0.428	1.244	0.548
DDIT3	0.5	0.44	0.272	0.552	1.096	0.38	0.48	0.78	0.452	0.264	0.504	0.328	0.64	0.832	0.996	0.612	0.364	0.556	0.688	0.276	0.32	0.364	0.332	0.524	0.472	0.34	0.464	0.228	0.34	0.3	0.396	0.212	0.292	0.988	0.452	0.216	0.208	0.54	0.764	0.384
CD5	0.04	0.06	0.012	0.064	0.176	0.056	0.068	0.152	0.036	0.02	0.012	0.04	0.068	0.08	0.084	0.076	0.028	0.048	0.048	0.048	0.016	0.024	0.06	0.08	0.068	0.036	0.072	0.02	0.016	0.056	0.024	0.096	0.008	0.048	0.108	0.032	0.052	0.032	0.18	0.072
PTPRC	0.292	0.116	0.044	0.16	0.14	0.108	0.156	0.136	0.208	0.072	0.052	0.044	0.328	0.14	0.32	0.128	0.084	0.104	0.2	0.104	0.12	0.12	0.128	0.236	0.196	0.06	0.152	0.08	0.048	0.18	0.016	0.128	0.084	0.14	0.064	0.052	0.128	0.052	0.072	0.144
CTNNB1	8.136	1.7	4.372	2.884	8.3	2.716	3.336	5.304	3.684	2.724	4.672	1.784	4.528	5.58	3.5	4.424	1.88	1.992	12.252	1.168	4.888	5.48	2.64	3.552	3.56	2.364	3.216	1.224	11.524	1.908	1.16	1.244	3.656	3.396	3.896	1.34	1.616	2.464	2.332	1.06
BIRC5	3.58	0.888	1.588	1.16	2.888	0.38	1.428	1.868	1.436	0.596	1.584	0.824	2.24	1.744	1.176	2.812	0.852	1.052	2.372	0.828	1.368	1.576	0.42	0.728	1.892	1.056	1.68	0.512	1.952	1.368	0.7	0.648	0.724	0.992	1.912	0.756	0.384	0.512	0.88	0.64
ATR	0.356	0.368	0.184	0.372	0.936	0.376	0.316	0.4	0.272	0.268	0.352	0.24	0.432	0.332	0.372	0.984	0.312	0.068	0.56	0.276	0.248	0.244	0.188	0.252	0.348	0.28	0.268	0.176	0.316	0.18	0.26	0.084	0.188	0.644	0.228	0.08	0.168	0.384	0.368	0.296
EZH2	0.888	0.368	0.496	0.452	0.636	0.312	1	0.46	0.484	0.276	0.444	0.3	0.52	0.248	0.404	1.064	0.444	0.232	0.928	0.276	0.552	0.404	0.24	0.344	0.592	0.3	0.432	0.124	1.264	0.36	0.264	0.184	0.332	0.82	0.452	0.188	0.2	0.316	0.692	0.288
CD8A	0.492	0.172	0.088	0.204	0.348	0.068	0.328	0.328	0.18	0.148	0.188	0.08	0.264	0.264	0.076	0.296	0.18	0.124	0.128	0.188	0.16	0.3	0.148	0.148	0.12	0.136	0.148	0.032	0.276	0.216	0.112	0.1	0.072	0.136	0.216	0.112	0.084	0.124	0.284	0.104
BRCA1	0.392	0.248	0.18	0.68	1.016	0.556	0.628	0.612	0.248	0.484	0.24	0.624	0.4	0.352	0.42	0.68	0.264	0.344	0.956	0.296	0.332	0.104	0.328	0.416	0.296	0.308	0.236	0.06	0.556	0.148	0.172	0.216	0.1	1.028	0.228	0.184	0.128	0.204	0.54	0.392
COL11A1	1.656	0.368	0.328	0.148	0.636	0.192	0.428	0.372	0.532	0.056	0.28	0.156	0.408	0.36	0.188	0.708	0.496	0.144	0.504	0.3	0.196	0.712	0.272	0.176	0.24	0.208	0.348	0.148	0.452	0.148	0.036	0.06	0.16	0.128	0.28	0.104	0.056	0.116	0.324	0.172
TAP1	1.784	0.432	0.828	0.62	0.76	0.24	0.564	0.56	0.712	0.196	0.716	0.192	1.64	0.572	0.836	0.792	0.296	0.54	0.728	0.22	0.824	1.248	0.164	0.576	1.296	0.28	1.128	0.308	1.12	0.832	0.168	0.396	0.428	0.4	1.092	0.524	0.164	0.212	0.432	0.504
PKIB	0.336	0.272	0.208	0.244	0.976	0.1	0.496	1.056	0.048	0.064	0.152	0.156	0.104	0.72	0.208	0.552	0.332	0.256	0.372	0.308	0.112	0.16	0.064	0.096	0.056	0.556	0.084	0.024	0.54	0.048	0.1	0.104	0.148	0.364	0.504	0.208	0.088	0.228	0.192	0.168
IRF5	0.108	0.048	0.1	0.2	0.248	0.076	0.084	0.072	0.064	0.04	0.152	0.132	0.096	0.148	0.116	0.26	0.08	0.108	0.156	0.064	0.12	0.076	0.068	0.092	0.064	0.064	0.096	0.028	0.192	0.068	0.052	0.064	0.068	0.272	0.256	0.012	0.024	0.104	0.156	0.12
NF1	1.516	0.668	0.932	0.78	1.296	0.288	0.708	1.8	0.936	0.5	1.364	0.748	1.244	0.82	0.92	1.696	0.664	0.516	1.44	0.86	1.048	1.012	0.304	0.712	0.896	0.656	0.776	0.34	2.196	0.468	0.38	0.292	0.62	1.088	0.52	0.332	0.46	0.524	0.68	0.52
EPHA2	1.96	0.268	0.792	0.796	1.288	0.496	0.96	1.736	0.408	0.452	0.468	0.596	0.572	1.424	1.316	1.076	0.508	0.72	1.932	0.56	0.62	0.512	0.332	0.872	0.396	0.768	0.38	0.24	1.68	0.212	0.444	0.904	0.18	0.972	1.144	0.38	0.696	1.248	1.248	0.592
TGFBR2	3.032	0.404	1.376	1.052	1.892	1.268	0.964	1.312	1.116	0.748	0.776	0.884	1.488	0.78	1.564	0.964	0.736	0.744	2	0.616	1.568	0.716	0.836	1.58	0.872	0.908	1.028	0.368	0.744	0.688	0.508	0.628	0.176	1.42	1.376	0.408	0.7	1.048	0.76	0.332
FGF1	0.556	0.08	0.324	0.6	1.076	0.304	0.188	0.968	0.164	0.108	0.224	0.344	0.184	0.988	0.4	0.248	0.112	0.512	0.16	0.164	0.24	0.1	0.62	0.548	0.164	0.672	0.204	0.048	0.456	0.124	0.124	0.152	0.044	0.716	0.392	0.212	0.204	0.424	0.348	0.116
MFAP5	0.204	0.08	0.132	0.2	0.252	0.036	0.176	0.176	0.176	0.1	0.076	0.176	0.184	0.34	0.232	0.284	0.1	0.084	0.108	0.096	0	0.212	0.104	0.208	0.056	0.112	0.1	0.048	0.24	0.04	0.092	0.108	0.028	0.336	0.212	0.028	0.06	0.132	0.176	0.144
FOXM1	0.612	0.312	0.252	0.22	0.264	0.192	0.204	0.16	0.28	0.092	0.364	0.084	0.328	0.128	0.168	0.34	0.16	1.108	0.336	0.2	0.12	0.132	0.144	0.14	0.324	0.144	0.288	0.104	0.236	0.228	0.14	0.12	0.116	0.364	0.316	0.04	0.124	0.18	0.264	0.204
HLA.DRB1	4.328	1.308	2.336	0.656	2.02	1.304	1.192	1.448	2.704	0.908	1.868	1.888	4.468	1.5	2.48	2.836	1.52	1.332	3.9	1.1	3.456	2.304	1.2	1.32	3.348	1.092	3.836	1.272	2.444	2.184	0.904	0.92	1.12	1.44	1.944	1.088	1.384	1.328	2.776	1.372
FCER2	0.048	0.076	0.124	0.576	0.172	0.244	0.288	0.296	0.044	0.232	0.088	0.352	0.12	0.228	0.304	0.56	0.12	0.196	0.1	0.212	0.128	0.148	0.148	0.28	0.16	0.196	0.116	0.056	0.164	0.12	0.1	0.184	0.084	0.4	0.324	0.112	0.092	0.108	0.364	0.18
CLEC4C	0.108	0.1	0.044	0.052	0.216	0.032	0.116	0.184	0.008	0.016	0.052	0.024	0.036	0.092	0.1	0.16	0.068	0.048	0.068	0.056	0.076	0.048	0.032	0.02	0.012	0.052	0.012	0.004	0.16	0.008	0.068	0.012	0.016	0.072	0.064	0.04	0.04	0.044	0.128	0.056
TLR9	0.224	0.12	0.156	0.536	0.432	0.268	0.396	0.512	0.144	0.288	0.128	0.368	0.376	0.628	0.3	0.752	0.132	0.332	0.108	0.212	0.152	0.152	0.192	0.476	0.276	0.472	0.212	0.056	0.236	0.196	0.276	0.424	0.048	0.552	0.472	0.148	0.268	0.304	0.456	0.272
STAT1	5.912	0.804	4.332	0.608	1.128	0.34	0.636	1.544	2.076	1.208	3.672	0.464	4.536	0.96	1.152	1.588	0.56	1.384	2.592	0.476	3.004	4.412	0.508	0.544	3.704	0.544	3.02	0.872	2.568	2.484	0.496	0.624	2.24	0.864	3.016	1.152	0.472	0.628	0.748	1.076
CCL28	0.152	0.128	0.064	0.632	0.324	0.116	0.308	0.272	0.088	0.98	0.068	0.324	0.108	0.28	0.352	0.332	0.132	0.256	0.076	0.156	0.064	0.088	0.188	0.208	0.052	0.156	0.088	0.02	0.08	0.032	0.232	0.3	0.032	0.448	0.32	0.06	0.184	0.34	0.248	0.324
TGM2	0.964	0.136	0.2	0.368	0.656	0.48	0.256	0.292	0.36	0.18	0.284	0.164	0.284	0.22	0.312	0.42	0.216	0.348	0.372	0.172	0.164	0.42	0.276	0.508	0.36	0.228	0.324	0.192	0.516	0.164	0.124	0.152	0.148	0.776	0.232	0.08	0.116	0.248	0.18	0.248
MUC2	0.384	0.228	0.12	0.588	1.5	0.288	0.268	0.888	0.088	0.252	0.192	0.32	0.2	0.74	0.22	0.736	0.296	0.508	0.4	0.304	0.304	0.16	0.336	0.656	0.292	0.348	0.16	0.088	0.388	0.104	0.16	0.268	0.188	1.232	0.5	0.192	0.092	0.476	0.62	0.256
SOD2	0.504	0.252	0.364	0.28	0.52	0.324	0.54	0.576	2.184	0.536	0.476	0.792	1	0.332	0.428	0.372	0.228	0.348	0.5	0.308	0.392	0.76	0.436	0.284	1.1	0.12	0.972	0.364	0.42	0.628	0.22	0.508	0.156	0.38	0.704	0.2	0.352	0.448	0.572	0.16
CR2	0.056	0.092	0.076	0.116	0.196	0.1	0.092	0.164	0.048	0.048	0.024	0.1	0.096	0.104	0.104	0.168	0.052	0.068	0.028	0.076	0.04	0.036	0.06	0.104	0.048	0.076	0.028	0.04	0.048	0.06	0.008	0.06	0.016	0.072	0.144	0.064	0.052	0.068	0.132	0.096
IFNGR1	0.92	0.576	0.648	0.596	0.924	0.44	0.456	0.88	1.056	0.332	0.472	0.376	1.456	0.704	0.588	1.204	0.452	0.524	0.712	0.32	0.452	0.84	0.3	0.808	1.152	0.516	0.876	0.424	0.516	0.62	0.424	0.268	0.276	0.992	0.524	0.136	0.232	0.424	0.416	0.26
XCL1	0.18	0.072	0.08	0.476	0.648	0.22	0.268	0.744	0.052	0.156	0.052	0.196	0.116	0.396	0.276	0.368	0.184	0.288	0.12	0.176	0.036	0.112	0.224	0.416	0.088	0.296	0.068	0.08	0.18	0.1	0.12	0.1	0.092	0.448	0.308	0.22	0.096	0.244	0.308	0.212
SH2D1B	0.264	0.228	0.232	0.488	1.044	0.432	0.592	0.696	0.14	0.136	0.156	0.42	0.22	0.536	0.548	0.856	0.308	0.48	0.4	0.532	0.192	0.18	0.496	0.292	0.188	0.492	0.136	0.036	0.604	0.112	0.16	0.14	0.04	0.5	0.296	0.26	0.112	0.232	0.396	0.384
ADAMTS4	2.724	1.276	1.528	2.216	3.408	3.16	1.924	4.396	2.784	2.6	1.628	2.16	2.812	4.588	1.868	4.072	1.524	3.888	0.672	3.832	1.688	0.968	1.692	6.48	3.568	2.06	2.416	0.88	1.972	2.54	1.032	2.776	0.824	3.056	3.204	1.716	2.344	1.368	3.852	2.956
FCER1A	0.028	0.024	0.02	0.248	0.088	0.06	0.312	0.108	0.008	0.1	0.008	0.024	0.032	0.056	0.036	0.2	0.036	0.068	0.024	0.056	0.012	0	0.016	0.12	0.032	0.06	0.02	0.012	0.056	0.008	0.028	0.048	0.008	0.144	0.028	0.008	0.04	0.072	0.052	0.048
CD1E	0.028	0.032	0.012	0.344	0.188	0.112	0.152	0.332	0.036	0.06	0.076	0.052	0.068	0.324	0.208	0.236	0.112	0.304	0.052	0.176	0.028	0.044	0.108	0.232	0.136	0.088	0.064	0.048	0.236	0.104	0.156	0.172	0.024	0.472	0.076	0.1	0.036	0.184	0.24	0.128
CD1B	0.04	0.1	0.02	0.38	0.156	0.056	0.556	0.22	0.056	0.116	0.028	0.02	0.076	0.164	0.084	0.248	0.088	0.156	0.048	0.124	0.008	0.028	0.06	0.136	0.216	0.112	0.112	0.012	0.116	0.204	0.052	0.08	0.032	0.272	0.224	0.056	0.048	0.104	0.116	0.1
LMNA	5.424	1.424	2.72	2.048	2.532	1.352	2.492	2.556	2.448	1.56	2.36	1.292	3.24	1.188	3.3	2.552	1.496	1.1	4.868	1.196	1.88	2.328	0.94	3.348	2.752	0.776	2.6	0.908	3.212	1.54	1.732	1.136	2.016	2.248	1.212	0.632	1.084	1.636	2.084	1.62
IL6R	0.116	0.06	0.028	0.216	0.136	0.092	0.152	0.26	0.068	0.036	0.032	0.056	0.088	0.14	0.12	0.112	0.056	0.04	0.064	0.076	0.056	0.036	0.056	0.068	0.06	0.076	0.1	0.044	0.072	0.092	0.044	0.04	0.012	0.128	0.128	0.024	0.012	0.092	0.124	0.096
MKI67	1.084	0.46	0.448	0.584	0.332	0.236	0.744	0.936	0.48	0.196	0.592	0.448	0.94	0.304	0.78	0.768	0.38	0.232	0.968	0.38	0.468	0.46	0.252	0.348	0.628	0.172	0.596	0.148	0.692	0.352	0.304	0.34	0.28	0.548	0.616	0.088	0.068	0.264	0.468	0.256
S100A9	0.148	0.496	0.184	0.228	0.3	0.252	0.416	0.2	0.1	0.396	0.284	0.276	0.036	0.304	0.272	0.992	0.408	0.24	0.208	0.424	0.4	0.36	0.184	0.184	0.08	0.204	0.064	0.044	0.328	0.068	0.192	0.096	0.048	0.36	0.124	0.048	0.692	0.672	0.284	0.1
CD2	0.108	0.032	0.04	0.06	0.12	0.04	0.068	0.068	0.064	0.036	0.012	0.04	0.156	0.06	0.08	0.1	0.04	0.036	0.028	0.028	0.036	0.032	0.052	0.056	0.084	0.044	0.108	0.032	0.04	0.048	0.016	0.02	0.032	0.084	0.08	0.036	0.024	0.056	0.044	0.02
NRAS	1.696	0.708	0.856	0.82	0.752	0.312	0.848	0.544	0.952	0.388	1.08	0.808	1.224	0.76	0.716	1.688	0.456	1.048	2.76	0.42	0.836	1.008	0.388	0.844	1.148	0.32	0.92	0.268	1.808	0.512	0.452	0.412	0.684	1.144	0.392	0.252	0.248	0.464	0.864	0.412
VCAM1	0.248	0.128	0.04	0.108	0.084	0.056	0.104	0.116	0.18	0.032	0.02	0.096	0.324	0.168	0.06	0.232	0.08	0.164	0.08	0.08	0.052	0.112	0.132	0.124	0.18	0.096	0.18	0.064	0.08	0.136	0.048	0.108	0.008	0.172	0.212	0.06	0.044	0.044	0.152	0.132
CD40LG	0.032	0.064	0.028	0.14	0.332	0.096	0.092	0.292	0.028	0.092	0.036	0.048	0.028	0.136	0.06	0.124	0.06	0.14	0.04	0.096	0.012	0.016	0.064	0.052	0.048	0.092	0.02	0.008	0.02	0.036	0.024	0.036	0.008	0.084	0.1	0.012	0.032	0.04	0.124	0.112
JUN	0.476	0.204	0.308	0.464	0.532	0.388	0.6	0.208	0.308	0.264	0.28	0.668	0.244	0.42	0.552	0.52	0.404	0.16	0.492	0.212	0.304	0.244	0.2	0.292	0.244	0.108	0.208	0.052	0.316	0.16	0.228	0.12	0.12	0.78	0.428	0.108	0.228	0.376	0.64	0.524
AURKA	0.592	0.508	0.348	0.644	0.5	0.432	0.6	0.568	0.524	0.624	0.324	0.4	0.868	0.54	0.764	0.832	0.44	0.308	0.816	0.428	0.38	0.472	0.232	0.736	0.62	0.388	0.672	0.176	0.6	0.472	0.244	0.168	0.304	1.104	0.828	0.264	0.248	0.364	0.468	0.52
COL5A1	6.148	4.34	2.22	3.38	5.816	3.456	5.764	1.34	3.62	2.26	1.268	2.992	5.576	1.152	2.616	7.952	3.464	1.928	6.888	3.804	1.436	3.624	3.796	2.444	5.036	1.288	4.72	1.452	3.808	2.44	1.444	1.484	0.664	4.532	0.9	0.496	2.708	3.412	4.444	4.428
PTEN	1.56	0.952	1.056	1.22	1.832	0.72	1.48	1.392	0.728	0.892	0.596	0.264	1.06	1.04	0.712	1.64	0.328	0.668	2.176	0.54	0.728	0.844	0.804	0.504	0.736	0.556	0.9	0.168	1.54	0.472	0.3	0.756	0.536	0.604	0.88	0.552	0.74	0.748	1.364	0.356
MMRN2	2.28	2.5	1.944	4.62	4.604	1.776	2.956	3.552	1.388	2.656	1.888	3.172	1.568	5.752	5.012	5.436	1.976	3.908	4.06	4.76	3.36	1.88	4.14	5.924	1.528	2.056	1.436	0.96	3.056	1.388	2.496	1.868	1.036	6.408	4.112	1.424	1.144	1.86	5.044	3.2
VEGFA	0.608	0.152	0.26	0.424	2.26	0.548	0.456	1.276	0.232	0.26	0.336	0.292	0.456	1.048	0.544	0.5	0.276	0.472	0.556	0.252	0.524	0.288	0.412	0.544	0.416	1.112	0.316	0.14	0.332	0.364	0.132	0.172	0.112	0.588	0.868	0.344	0.308	0.348	0.316	0.208
CD40	0.46	0.156	0.352	0.368	0.288	0.244	0.536	0.236	0.344	0.304	0.068	0.488	0.432	0.324	0.244	0.808	0.328	0.296	0.444	0.276	0.228	0.384	0.092	0.464	0.7	0.24	0.62	0.2	0.24	0.456	0.156	0.412	0.044	0.664	0.472	0.116	0.092	0.192	0.456	0.244
MMP9	1.828	1.288	1.216	2.544	2.216	2.648	2.292	2.72	19.376	1.484	0.384	2.14	51.076	1.868	1.288	2.428	0.952	3.664	17.284	1.66	0.884	2.576	2.22	6.32	41.112	1.52	35.076	11.48	2.108	28.824	0.788	6.488	0.416	4.6	3.02	1.828	2.944	2.036	2.708	2.48
TREM2	0.632	0.1	0.352	0.344	0.884	0.2	0.392	0.464	0.108	0.128	0.252	0.356	0.148	0.368	0.332	0.548	0.104	0.26	0.932	0.18	0.224	0.204	0.092	0.372	0.076	0.32	0.164	0.048	0.504	0.104	0.26	0.14	0.092	0.38	0.48	0.088	0.14	0.268	0.428	0.28
MAFB	0.404	0.136	0.276	0.516	0.78	0.288	0.232	0.348	0.244	0.272	0.108	0.616	0.492	0.552	0.416	0.484	0.204	0.16	0.416	0.28	0.252	0.26	0.228	0.244	0.196	0.132	0.204	0.088	0.568	0.188	0.212	0.112	0.152	0.552	0.648	0.104	0.212	0.448	0.376	0.196
HDAC1	2.284	0.888	1.132	1.332	2.108	0.692	1.72	1.564	1.172	0.936	1.32	0.736	1.464	1.352	1.172	2.616	0.852	0.972	3.62	0.64	1.644	1.156	0.664	1.088	1.048	0.688	1.032	0.392	2.26	0.704	0.612	0.324	1.116	1.052	1.056	0.352	0.636	0.812	0.696	0.868
CXCR3	0.02	0.02	0.016	0.112	0.036	0.016	0.024	0.048	0.004	0.032	0.008	0.036	0.044	0.024	0.036	0.088	0.016	0.052	0.02	0.032	0	0.004	0.044	0.036	0.028	0.032	0.008	0.008	0.048	0.02	0.044	0.004	0.024	0.012	0.028	0.004	0.012	0.024	0.044	0.056
DKK1	0.248	0.108	0.072	0.224	0.416	0.156	0.252	0.316	0.204	0.208	0.092	0.176	0.372	0.236	0.232	0.412	0.076	0.176	0.408	0.268	0.124	0.16	0.132	0.268	0.224	0.26	0.212	0.092	0.044	0.164	0.068	0.156	0.08	0.4	0.308	0.084	0.212	0.16	0.384	0.248
BAK1	1.008	0.52	0.512	0.748	1.032	0.74	0.796	0.704	0.856	0.696	0.544	0.32	0.924	0.548	0.652	1.844	0.588	0.4	0.96	0.32	0.544	0.488	0.392	1.14	0.624	0.32	0.556	0.296	0.424	0.404	0.208	0.252	0.268	0.88	0.62	0.344	0.356	0.416	0.552	0.7
CD28	0.108	0.096	0.064	0.128	0.252	0.032	0.092	0.18	0.044	0.032	0.044	0.076	0.068	0.104	0.108	0.14	0.064	0.092	0.22	0.072	0.036	0.036	0.06	0.048	0.028	0.056	0.036	0.016	0.092	0.068	0.056	0.06	0.052	0.112	0.088	0.052	0.024	0.052	0.136	0.044
C1QC	4.136	0.076	2.508	0.34	1.328	1.508	0.244	0.596	1.556	0.52	1.652	2.156	1.736	0.524	1.768	0.968	0.304	0.508	4.612	0.256	4.312	2.204	0.768	0.836	1.036	0.66	1.556	0.608	1.788	0.696	0.688	0.388	0.896	0.788	0.664	0.248	0.768	0.472	1.508	0.516
HLA.DMA	0.74	0.316	0.492	0.196	0.464	0.292	0.692	0.268	0.452	0.22	0.516	0.228	0.652	0.2	0.548	0.78	0.46	0.224	0.816	0.216	0.588	0.284	0.348	0.264	0.528	0.224	0.604	0.208	0.588	0.352	0.104	0.236	0.224	0.176	0.328	0.188	0.208	0.252	0.628	0.256
NRP1	5.408	1.28	2.984	1.868	5.64	3.144	1.4	3.672	2.224	1.184	1.616	1.728	2.26	2.768	3.724	5.324	1.828	1.424	4.152	1.256	6.068	1.88	2.156	1.464	1.348	2.524	1.604	0.612	2.864	1.276	0.9	0.696	1.704	2.672	3.46	1.096	0.924	1.952	2.156	1.032
TAP2	0.796	0.28	0.476	0.372	0.328	0.252	0.312	0.412	0.472	0.256	0.24	0.416	0.62	0.244	0.544	0.56	0.248	0.288	0.232	0.284	0.248	0.824	0.212	0.78	0.544	0.156	0.5	0.144	0.296	0.284	0.112	0.164	0.304	0.308	0.656	0.136	0.18	0.152	0.4	0.3
TGFBR1	1.056	0.444	0.808	0.316	1.412	0.252	0.608	1.24	0.436	0.268	0.556	0.464	0.364	0.528	0.488	0.548	0.38	0.428	1.148	0.436	0.676	0.548	0.388	0.26	0.308	0.528	0.208	0.12	0.944	0.176	0.196	0.288	0.392	0.892	0.492	0.112	0.256	0.22	0.508	0.24
PLA2G2A	0.428	0.2	0.112	0.948	0.844	3.784	0.66	0.528	0.116	0.472	0.176	0.396	0.272	0.628	0.532	0.472	0.068	0.316	0.144	0.256	0.18	0.128	2.024	0.572	0.14	0.548	0.204	0.1	0.144	0.14	0.356	0.2	0.032	1.024	0.496	0.304	1.376	2.2	0.736	0.272
COL4A1	48.448	13.396	17.756	5.252	31.96	7.156	24.148	20.868	22.2	5.032	23.404	8.74	35.036	16.108	12.308	54.8	11.748	11.468	44.436	5.384	37.392	20.124	6.092	5.104	34.428	5.964	29.812	6.704	31.76	14.908	7.556	3.348	12.592	7.336	20.82	6.6	5.268	7.028	18.696	9.928
NCR3	0.264	0.22	0.38	0.376	0.62	0.4	0.376	0.276	0.136	0.128	0.176	0.268	0.316	0.464	0.5	0.572	0.192	0.28	0.232	0.228	0.1	0.128	0.172	0.212	0.132	0.168	0.212	0.048	0.464	0.12	0.156	0.26	0.052	0.536	0.568	0.088	0.132	0.384	0.4	0.412
FOXP3	0.024	0.016	0.052	0.036	0.044	0.028	0.004	0.02	0.008	0.012	0.012	0.016	0.056	0.032	0.068	0.032	0.008	0.024	0.04	0.008	0.064	0.012	0.032	0.016	0.036	0.036	0.032	0.02	0.064	0.02	0.024	0.02	0.02	0.032	0.004	0.024	0.012	0.032	0.016	0.016
HLA.C	8.8	2.328	5.684	2.076	3.02	1.852	2.5	3.292	4.892	1.496	5.152	0.948	7.244	2.428	2.948	3.168	2.204	2.9	6.208	1.412	5.936	5.5	1.704	3.64	5.5	1.988	5.512	1.736	5.412	3.28	0.784	2.188	1.912	3.54	4.284	2.16	1.688	1.328	1.272	1.156
BMI1	1.364	0.776	0.852	1.256	1.56	0.972	1.012	0.736	0.484	0.62	0.724	0.82	0.916	0.8	1.376	1.272	0.584	0.572	1.292	0.536	1.032	0.788	0.572	0.632	0.688	0.564	0.696	0.136	1.176	0.428	0.52	0.312	0.472	0.828	0.848	0.368	0.468	1.032	1.244	0.348
MTOR	0.496	0.148	0.264	0.44	0.632	0.2	0.42	0.572	0.236	0.152	0.144	0.16	0.368	0.264	0.396	0.576	0.252	0.328	0.692	0.188	0.348	0.172	0.132	0.228	0.288	0.276	0.36	0.144	0.252	0.184	0.156	0.152	0.124	0.412	0.18	0.172	0.24	0.432	0.44	0.324
THBD	1.1	0.292	0.292	0.828	1.088	1.036	0.608	0.78	0.404	0.188	0.196	0.636	0.656	0.772	1.052	0.804	0.212	0.768	1.448	0.408	0.524	0.512	0.34	0.28	0.688	0.744	0.4	0.18	1.464	0.46	0.348	0.444	0.124	0.92	1.74	0.32	0.2	0.528	0.932	0.532
MYC	1.108	0.26	0.716	0.404	0.512	0.124	0.664	0.34	1.22	0.352	0.46	0.456	1.54	0.188	0.648	0.632	0.376	0.224	0.816	0.308	0.696	0.696	0.136	0.428	1.468	0.22	1.1	0.42	0.564	0.684	0.172	0.504	0.252	0.58	0.316	0.148	0.132	0.216	0.48	0.284
KITLG	1.868	0.772	0.712	1.992	3.332	1.084	1.152	1.68	1.02	0.992	0.496	1.984	1.364	1.424	1.656	1.784	0.948	1.444	1.068	0.732	0.684	0.564	1.436	2.568	1.032	0.912	0.696	0.448	0.832	0.936	0.748	0.412	0.476	2.624	1.584	1.024	0.736	1.14	2.376	2.116
CYBB	0.728	0.116	0.54	0.184	0.408	0.248	0.18	0.272	0.488	0.216	0.336	0.112	0.7	0.352	0.304	0.172	0.096	0.192	0.848	0.128	0.74	0.42	0.124	0.06	0.7	0.212	0.44	0.128	0.504	0.312	0.1	0.172	0.256	0.224	0.252	0.144	0.136	0.164	0.276	0.22
PCNA	1.656	0.296	0.884	0.7	0.784	0.54	0.48	0.844	1.028	0.368	0.82	0.564	1.764	0.716	0.908	1.136	0.372	0.54	1.712	0.316	0.7	0.632	0.636	0.584	1.448	0.456	1.412	0.504	1.564	0.788	0.588	0.62	0.524	0.724	0.884	0.2	0.28	0.484	1.048	0.736
CD83	0.128	0.116	0.176	0.14	0.144	0.088	0.136	0.32	0.088	0.044	0.176	0.068	0.164	0.124	0.112	0.484	0.116	0.064	0.252	0.144	0.116	0.144	0.104	0.052	0.168	0.06	0.164	0.04	0.128	0.136	0.024	0.06	0.092	0.176	0.136	0.056	0.016	0.032	0.096	0.072
TNFRSF4	2.828	0.644	1.492	1.676	2.192	1.56	0.772	2.88	2.64	0.864	0.532	0.956	2.24	2.32	1.052	2.416	0.876	1.388	0.948	0.692	1.348	0.884	1.392	1.524	3.572	1.54	2.464	1.036	1.772	1.872	1.104	1.464	0.392	1.688	2.256	0.956	1.456	0.952	1.656	1.752
TNFRSF18	0.112	0.084	0.032	0.048	0.196	0.076	0.088	0.152	0.1	0.092	0.056	0.056	0.164	0.136	0.096	0.156	0.068	0.056	0.064	0.044	0.072	0.052	0.036	0.112	0.136	0.064	0.152	0.036	0.076	0.088	0.028	0.056	0.076	0.076	0.132	0.064	0.048	0.056	0.152	0.096
LDHA	5.088	1.332	3.056	2.256	2.676	1.592	1.976	1.308	2.576	1	2.552	0.468	2.732	1.464	1.228	2.928	1.28	0.916	6.264	1.196	2.532	2.972	1.128	1.688	3.14	0.968	2.116	0.792	5.7	1.76	0.568	0.764	2.016	1.972	1.364	0.66	1.16	1.532	0.868	0.864
IL2RA	0.148	0.064	0.1	0.168	0.144	0.1	0.128	0.14	0.072	0.096	0.072	0.124	0.272	0.116	0.304	0.092	0.036	0.14	0.048	0.068	0.092	0.072	0.116	0.104	0.248	0.096	0.2	0.068	0.076	0.196	0.02	0.132	0.056	0.132	0.132	0.06	0.088	0.056	0.108	0.064
ELN	1.24	0.32	0.516	3.34	3.228	1.38	0.5	1.672	0.244	1.944	0.176	0.816	0.64	0.968	1.184	1.512	0.28	0.656	0.876	0.208	0.428	0.332	0.668	2.696	0.7	1.02	0.756	0.436	0.644	0.592	0.616	0.996	0.188	2.928	1.508	0.464	0.328	0.988	0.6	0.244
DNMT3A	1.064	0.452	0.812	0.556	0.74	0.344	0.892	1.06	0.716	0.456	0.384	0.544	0.796	0.404	0.488	0.964	0.5	0.296	1.14	0.528	0.616	0.584	0.536	0.244	0.672	0.344	0.548	0.196	0.428	0.356	0.208	0.288	0.216	0.668	0.54	0.152	0.308	0.556	0.54	0.552
IRF4	0.012	0.008	0.004	0.04	0.012	0.012	0.012	0.008	0	0.012	0.008	0.012	0.008	0.02	0.02	0.02	0.004	0.024	0.004	0.012	0	0	0.004	0.012	0.016	0.008	0.02	0.004	0.004	0.012	0.008	0.008	0	0.024	0	0.004	0	0.008	0.02	0.016
CD274	0.216	0.224	0.136	0.456	1.532	0.204	0.264	0.976	0.252	0.32	0.232	0.18	0.436	0.548	0.632	0.3	0.188	0.404	0.192	0.184	0.156	0.212	0.224	0.608	0.328	0.316	0.332	0.14	0.392	0.304	0.108	0.32	0.124	0.44	0.832	0.372	0.144	0.32	0.184	0.384
IFNGR2	2.688	0.388	1.492	1.076	2.604	1.3	1.54	1.412	1.712	0.948	1.576	0.516	2.016	0.688	1.356	1.54	0.476	0.724	2.592	0.472	1.74	1.192	1.224	1.292	2.024	0.632	1.664	0.604	1.78	1.148	0.552	0.84	0.736	1.612	1.144	0.612	0.792	1.048	0.96	0.8
MSR1	2.088	0.392	1.328	0.356	1.016	0.444	0.292	1.012	0.64	0.304	1.408	1.316	0.252	0.572	1.052	1.936	0.392	0.384	2.976	0.196	1.612	1.22	0.228	0.372	0.188	0.5	0.32	0.132	1.204	0.156	0.264	0.14	0.688	0.46	0.416	0.184	0.348	0.364	1.016	0.34
IFNAR2	0.98	0.28	0.516	0.46	0.584	0.58	0.848	0.208	0.496	0.252	0.268	0.464	0.84	0.516	0.388	0.844	0.312	0.416	0.896	0.644	0.564	0.38	0.56	0.856	0.568	0.2	0.468	0.228	0.336	0.436	0.192	0.368	0.208	0.444	0.616	0.156	0.34	0.388	0.312	0.48
TIGIT	0.076	0.04	0.048	0.04	0.076	0.044	0.06	0.068	0.04	0.02	0.044	0.044	0.044	0.032	0.064	0.076	0.028	0.032	0.072	0.036	0.016	0.012	0.06	0.076	0.036	0.04	0.056	0.032	0.032	0.02	0.008	0.044	0.036	0.128	0.016	0.036	0.016	0.084	0.072	0.052
GPX3	0.54	0.312	0.148	0.744	0.608	0.404	0.4	0.34	0.424	0.38	0.268	0.356	0.304	0.504	0.812	0.884	0.336	0.288	0.54	0.436	0.292	0.152	0.312	1.128	0.328	0.452	0.632	0.18	0.48	0.152	0.22	0.376	0.228	0.824	0.588	0.144	0.44	0.468	0.568	0.688
CD8B	0.06	0.104	0.08	0.204	0.696	0.072	0.104	0.324	0.044	0.116	0.04	0.148	0.132	0.188	0.112	0.356	0.112	0.108	0.116	0.1	0.048	0.036	0.064	0.096	0.112	0.104	0.08	0.012	0.124	0.088	0.084	0.044	0.024	0.476	0.168	0.072	0.024	0.152	0.26	0.208
IL4I1	0.308	0.108	0.148	0.552	0.944	0.412	0.26	0.744	0.096	0.36	0.12	0.156	0.204	0.712	0.392	0.256	0.064	0.424	0.244	0.188	0.096	0.136	0.32	0.372	0.132	0.34	0.064	0.036	0.34	0.116	0.148	0.328	0.12	0.476	0.82	0.26	0.392	0.264	0.244	0.44
AKT2	1.084	0.488	0.7	0.888	1.052	0.44	0.792	0.976	0.368	0.532	0.528	0.408	0.692	0.576	0.512	0.74	0.468	0.176	1.936	0.288	0.78	0.42	0.36	0.604	0.42	0.548	0.316	0.14	1.612	0.344	0.332	0.212	0.688	0.852	1.096	0.228	0.444	0.36	0.396	0.348
STAT4	0.128	0.06	0.052	0.108	0.3	0.076	0.2	0.196	0.064	0.036	0.044	0.116	0.104	0.116	0.116	0.22	0.116	0.096	0.08	0.144	0.024	0.076	0.136	0.148	0.128	0.048	0.116	0.036	0.088	0.092	0.132	0.096	0.04	0.16	0.148	0.048	0.036	0.088	0.264	0.06
CD79B	0.084	0.164	0.084	0.228	0.396	0.072	0.272	0.316	0.264	0.252	0.08	0.228	0.616	0.224	0.46	0.444	0.152	0.184	0.08	0.136	0.12	0.132	0.148	0.368	0.352	0.188	0.424	0.164	0.112	0.332	0.148	0.164	0.064	0.392	0.188	0.068	0.068	0.08	0.392	0.22
POU2AF1	0	0.012	0.004	0.024	0.004	0.004	0.008	0.008	0.008	0.028	0.004	0.016	0.008	0	0.024	0.032	0	0.012	0.012	0.016	0.004	0	0.02	0	0.012	0.008	0.012	0	0	0	0	0.008	0	0.028	0.028	0.004	0.004	0.004	0.012	0.016
CCL8	1.16	0.228	2.284	0.62	0.988	0.352	0.292	0.548	0.256	0.292	1.38	0.292	0.232	0.36	0.344	0.436	0.164	0.512	0.484	0.208	0.396	0.88	0.34	0.228	0.332	0.304	0.268	0.132	0.224	0.148	0.224	0.372	0.312	0.76	1.04	0.264	0.192	0.208	0.356	0.304
SPP1	1.848	0.424	0.324	0.208	0.3	0.104	0.348	0.236	0.664	0.128	0.884	0.272	0.256	0.136	0.128	0.624	0.1	0.056	1.58	0.156	0.252	1.112	0.084	0.212	0.08	0.084	0.064	0.016	1.124	0.052	0.048	0.144	0.612	0.38	0.136	0.076	0.112	0.1	0.568	0.132
HLA.DRA	3.692	1.748	2.044	0.22	2.252	1.332	1.58	1.668	2.984	1.052	1.28	2.288	4.336	0.872	2.188	3.36	1.744	0.96	3.708	1.4	2.816	1.756	1.644	1.288	3.32	1.196	4.168	1.212	1.384	2.504	0.932	0.732	0.82	0.416	1.62	0.684	1.104	0.92	2.244	1.256
CXCL1	0.256	0.104	0.152	0.372	0.724	0.424	0.14	0.52	0.32	0.252	0.156	0.264	0.34	0.656	0.928	0.268	0.084	0.228	0.172	0.192	0.124	0.192	0.484	0.556	0.252	0.596	0.132	0.048	0.308	0.076	0.176	0.276	0.048	0.736	0.424	0.34	0.06	0.308	0.336	0.196
CXCL12	0.488	0.064	0.204	0.268	0.292	0.24	0.124	0.34	0.072	0.18	0.052	0.128	0.276	0.276	0.268	0.352	0.06	0.108	0.22	0.088	0.2	0.092	0.376	0.472	0.164	0.192	0.204	0.096	0.284	0.104	0.06	0.18	0.028	0.38	0.364	0.092	0.244	0.2	0.172	0.132
MYBL2	0.3	0.24	0.192	0.384	0.252	0.08	0.352	0.368	0.98	0.348	0.196	0.276	0.8	0.212	0.272	0.636	0.176	0.232	0.484	0.192	0.16	0.172	0.096	0.336	0.688	0.244	0.564	0.224	0.276	0.388	0.156	0.208	0.088	0.388	0.368	0.1	0.16	0.192	0.512	0.388
ITGA4	0.928	0.316	0.268	0.284	1.016	0.332	0.396	0.276	0.252	0.228	0.38	0.284	0.528	0.512	0.304	0.364	0.248	0.304	0.52	0.412	0.512	0.16	0.408	0.676	0.376	0.356	0.372	0.168	0.588	0.38	0.188	0.508	0.26	0.504	0.3	0.2	0.124	0.168	0.48	0.228
NFE2L2	0.96	0.28	0.556	0.524	0.612	0.228	0.304	0.388	0.64	0.312	0.612	0.268	0.636	0.26	0.244	0.712	0.472	0.36	1.148	0.328	0.404	0.644	0.276	0.256	0.624	0.26	0.6	0.208	0.704	0.352	0.18	0.268	0.236	0.624	0.272	0.104	0.196	0.392	0.376	0.54
TEAD4	0.72	0.436	0.632	0.772	0.848	0.348	0.548	1.124	0.376	0.196	0.612	0.612	0.532	0.72	0.932	0.972	0.672	0.632	0.956	0.448	0.356	0.4	0.72	1.404	0.356	0.708	0.28	0.104	0.396	0.46	0.3	0.324	0.212	1.008	1.344	0.456	0.432	0.472	1.304	0.572
PDCD1LG2	0.204	0.24	0.208	0.176	0.672	0.184	0.404	0.336	0.104	0.12	0.024	0.236	0.184	0.304	0.196	0.296	0.196	0.156	0.188	0.324	0.108	0.176	0.08	0.168	0.14	0.252	0.176	0.08	0.176	0.128	0.064	0.232	0.092	0.304	0.232	0.132	0.052	0.2	0.192	0.168
MET	0.444	0.264	0.284	0.496	0.508	0.376	0.608	0.392	0.108	0.288	0.184	0.328	0.236	0.28	0.352	0.72	0.412	0.436	0.144	0.404	0.24	0.16	0.092	0.252	0.08	0.272	0.16	0.088	0.176	0.104	0.104	0.296	0.032	0.492	0.788	0.084	0.116	0.244	0.748	0.452
ITGB2	0.552	0.116	0.284	0.144	0.276	0.16	0.172	0.148	0.392	0.072	0.196	0.336	0.456	0.096	0.204	0.504	0.052	0.192	0.748	0.248	0.248	0.22	0.144	0.16	0.368	0.172	0.396	0.12	0.252	0.252	0.184	0.072	0.092	0.336	0.192	0.076	0.124	0.244	0.264	0.052
SHARPIN	0.876	0.144	0.328	0.472	0.984	0.284	0.508	0.972	0.344	0.352	0.476	0.816	0.556	0.388	0.94	0.572	0.252	0.18	0.936	0.252	0.556	0.492	0.236	0.244	0.468	0.396	0.396	0.196	0.648	0.156	0.308	0.42	0.352	0.76	0.396	0.144	0.336	0.288	0.648	0.264
CX3CR1	0.24	0.204	0.112	0.52	0.768	0.092	0.456	0.404	0.008	0.144	0.112	0.108	0.16	0.328	0.152	0.392	0.052	0.092	0.424	0.26	0.436	0.112	0.124	0.316	0.036	0.3	0.064	0.032	0.184	0.036	0.092	0.132	0.068	0.596	0.324	0.076	0.056	0.132	0.272	0.164
CCR2	0.068	0.08	0.028	0.06	0.064	0.032	0.096	0.064	0.024	0.028	0.02	0.028	0.024	0.068	0.036	0.144	0.036	0.096	0.016	0.052	0.028	0.012	0.036	0.056	0.024	0.016	0.016	0.008	0.024	0.02	0.004	0.04	0.008	0.076	0.04	0.024	0.06	0.064	0.04	0.06
PDGFA	1.24	0.564	0.852	1.184	3.22	0.932	0.748	1.552	0.628	1.124	0.22	0.988	0.908	1.884	1.484	1.992	0.488	1.044	1.104	1.104	0.74	0.872	0.536	0.84	0.82	0.904	0.736	0.304	1.096	0.6	0.62	1.052	0.18	1.992	1.296	0.464	0.924	0.72	1.748	0.76
CEACAM1	0.416	0.284	0.248	0.456	0.424	0.224	0.46	0.316	0.156	0.148	0.208	0.12	0.296	0.288	0.22	0.828	0.508	0.332	0.5	0.292	0.168	0.24	0.112	0.136	0.264	0.372	0.176	0.036	0.516	0.144	0.104	0.128	0.1	0.236	0.512	0.204	0.196	0.332	0.54	0.44
TSC1	0.44	0.26	0.328	0.836	0.408	0.224	0.34	0.452	0.16	0.196	0.256	0.456	0.256	0.568	0.296	0.632	0.284	0.4	0.408	0.284	0.356	0.172	0.144	0.316	0.18	0.532	0.2	0.132	0.24	0.176	0.24	0.232	0.124	0.392	0.24	0.212	0.256	0.24	0.308	0.36
CHEK2	0.528	0.256	0.22	0.58	0.432	0.188	0.384	0.268	0.408	0.336	0.312	0.304	0.44	0.756	0.272	0.684	0.4	0.572	0.72	0.26	0.236	0.18	0.136	0.272	0.504	0.324	0.428	0.224	0.196	0.352	0.132	0.348	0.128	0.708	0.316	0.112	0.144	0.216	0.544	0.296
RELA	0.508	0.428	0.392	0.708	0.776	0.62	0.456	1.036	0.604	0.492	0.548	0.324	0.864	1.06	0.588	0.644	0.456	0.272	0.924	0.256	0.384	0.284	0.484	0.688	0.8	0.524	0.584	0.296	0.644	0.376	0.196	0.396	0.092	0.856	0.616	0.244	0.552	0.456	0.356	0.628
ICOSLG	0.704	0.236	0.428	0.532	0.968	0.264	0.3	0.632	0.388	0.268	0.256	0.176	0.336	0.544	0.416	0.512	0.16	0.344	0.208	0.208	0.276	0.264	0.368	0.592	0.332	0.196	0.28	0.1	0.052	0.32	0.128	0.36	0.068	0.576	0.256	0.148	0.28	0.388	0.336	0.376
AKT1	2.664	0.656	1.344	1.476	2.22	1.48	1.284	0.988	0.828	0.736	1.504	1.336	0.884	1.08	2.232	1.82	0.592	0.708	2.908	0.768	1.396	1.212	1.08	1.72	0.764	0.708	0.572	0.184	2.752	0.392	0.716	0.624	1	2.068	1.192	0.396	1.036	1.068	1.72	0.556
PDK1	0.24	0.116	0.08	0.156	0.1	0.016	0.216	0.036	0.044	0.064	0.02	0.072	0.136	0.088	0.14	0.272	0.068	0.104	0.176	0.136	0.04	0.072	0.092	0.088	0.1	0.028	0.088	0.028	0.108	0.064	0.012	0.04	0.024	0.272	0.104	0.052	0.028	0.028	0.052	0.132
FGFR3	1.784	0.128	0.844	0.4	1.14	0.412	0.22	0.7	0.132	0.2	0.732	0.38	0.404	1.176	0.584	0.352	0.168	0.304	1.392	0.152	1.22	0.924	0.436	0.46	0.34	0.444	0.304	0.096	1.28	0.164	0.344	0.324	0.804	0.7	0.552	0.268	0.28	0.388	0.332	0.324
HLA.B	38.148	7.072	24.096	1.624	13.492	5.856	7.964	12.652	23.836	4.164	20.88	7.164	38.848	10.468	12.42	13.86	6.856	15.128	25.692	4.976	26.116	22.032	6.584	7.204	28.5	7.068	31.084	10.376	19.84	17.876	3.22	5.404	7.32	3.648	18.708	10.108	3.952	3.7	8.312	4.848
CMKLR1	0.556	0.072	0.14	0.236	0.328	0.16	0.16	0.576	0.172	0.208	0.172	0.248	0.228	0.68	0.376	0.384	0.052	0.208	0.172	0.168	0.188	0.188	0.204	0.24	0.156	0.232	0.2	0.08	0.264	0.12	0.112	0.172	0.028	0.324	0.292	0.168	0.14	0.48	0.348	0.1
PRKCA	0.156	0.12	0.184	0.228	0.368	0.056	0.096	0.404	0.144	0.172	0.076	0.144	0.3	0.296	0.252	0.32	0.068	0.132	0.404	0.204	0.148	0.084	0.072	0.136	0.216	0.248	0.172	0.108	0.084	0.104	0.132	0.06	0.028	0.216	0.124	0.128	0.212	0.088	0.336	0.168
HLA.DPA1	5.584	1.692	2.756	0.996	3.844	2.16	1.244	1.924	2.632	1.848	2.308	1.292	3.94	1.82	1.912	3.032	1.552	1.064	4.444	1.304	5.124	2.332	2.352	1.724	3.172	1.584	3.856	1.12	2.38	1.988	0.516	0.988	1.188	0.98	2.432	1.108	1.692	1.452	2.156	2.416
SIGLEC1	1.38	0.176	1.168	0.9	0.516	0.268	0.164	1.008	0.184	0.504	1.012	0.376	0.536	0.668	0.36	0.556	0.168	0.18	1.06	0.256	1.112	1.128	0.064	0.332	0.312	0.528	0.344	0.212	0.24	0.244	0.268	0.184	0.288	0.732	0.708	0.232	0.22	0.172	0.532	0.388
AMOTL2	2.056	0.876	1.524	1.432	2.812	0.968	2.036	1.564	1.224	1.084	1.18	0.7	2.06	1.316	1.364	1.292	0.596	1.12	1.44	0.644	1.472	1.028	1.036	1.712	1.636	0.66	1.32	0.62	0.992	1.292	1.004	1.444	0.616	1.5	1.332	0.708	0.892	0.856	1.008	0.812
FGFR1	0.688	1.884	0.332	0.608	0.712	0.888	2.996	0.524	0.436	0.776	0.32	0.712	0.784	0.608	0.588	4.464	1.924	0.72	1.092	1.712	0.636	0.38	0.528	0.508	0.832	0.24	0.788	0.296	0.516	0.548	0.264	0.724	0.248	0.644	0.248	0.2	0.38	0.52	0.428	0.352
TRAT1	0.104	0.052	0.048	0.112	0.4	0.052	0.172	0.116	0.02	0.02	0.072	0.092	0.068	0.12	0.092	0.268	0.096	0.092	0.052	0.116	0.06	0.028	0.052	0.084	0.1	0.12	0.044	0.008	0.032	0.06	0.052	0.076	0	0.12	0.084	0.032	0.044	0.064	0.188	0.156
SELP	0.26	0.184	0.084	0.604	0.444	0.392	0.548	0.388	0.08	0.292	0.156	0.296	0.208	0.232	0.256	0.444	0.104	0.348	0.164	0.216	0.168	0.064	0.548	0.404	0.148	0.292	0.128	0.052	0.344	0.148	0.164	0.364	0.036	0.884	0.48	0.16	0.228	0.236	0.32	0.444
CTLA4	0.036	0.064	0.052	0.12	0.108	0.06	0.036	0.104	0.104	0.056	0.036	0.036	0.096	0.096	0.132	0.088	0.052	0.112	0.04	0.06	0.04	0.024	0.052	0.06	0.104	0.072	0.088	0.032	0.02	0.088	0.016	0.056	0.016	0.068	0.104	0.084	0.072	0.06	0.112	0.068
IKZF4	0.604	0.316	0.204	0.556	0.652	0.236	0.328	0.54	0.24	0.368	0.224	0.28	0.448	0.752	0.52	0.46	0.208	0.584	0.52	0.172	0.32	0.12	0.416	0.428	0.376	0.456	0.296	0.112	0.28	0.196	0.14	0.3	0.132	0.74	0.38	0.196	0.216	0.368	0.404	0.4
TAPBP	1.656	0.604	0.972	0.636	0.84	0.492	0.904	0.676	1.248	0.576	1.064	0.208	1.592	0.58	0.828	0.78	0.452	0.664	1.592	0.312	0.94	1.132	0.452	0.8	1.268	0.304	1.32	0.42	1.016	0.852	0.28	0.532	0.488	0.684	0.616	0.44	0.332	0.508	1.048	0.436
MLH1	0.912	0.2	0.44	0.616	0.804	0.48	0.488	0.888	0.496	0.34	0.336	0.512	0.7	0.86	0.44	0.8	0.228	0.44	0.892	0.416	0.424	0.468	0.272	0.4	0.644	0.344	0.468	0.156	0.74	0.24	0.232	0.42	0.248	0.936	0.704	0.228	0.248	0.496	0.424	0.288
ICOS	0.048	0.072	0.028	0.064	0.204	0.064	0.092	0.092	0.064	0.088	0.06	0.056	0.064	0.088	0.112	0.108	0.024	0.056	0.064	0.048	0.056	0.036	0.036	0.088	0.096	0.04	0.064	0.036	0.036	0.068	0.032	0.028	0.028	0.152	0.104	0.084	0.024	0.064	0.092	0.096
NEDD4	1.68	0.576	1.06	1.016	2.756	1.18	1.584	1.884	0.528	0.616	1.172	1.104	0.772	2.276	1.36	1.044	0.404	1.576	1.448	1.008	0.956	0.86	1.488	1.82	0.844	1.152	0.672	0.34	1.052	0.78	0.692	0.88	0.912	2.596	1.8	0.64	0.656	1.152	0.98	0.472
FCGR3A	1.388	0.468	2.344	0.292	1.796	0.384	0.62	1.12	0.568	0.332	1.584	0.4	0.28	0.696	0.552	2.316	0.364	0.26	2.296	0.408	2.284	1.504	0.156	0.568	0.252	0.788	0.296	0.14	1.292	0.24	0.088	0.232	0.908	0.288	0.672	0.212	0.136	0.208	0.48	0.424
CHEK1	0.268	0.208	0.172	0.26	0.836	0.188	0.34	0.448	0.176	0.156	0.304	0.336	0.3	0.44	0.248	0.632	0.144	0.24	0.264	0.316	0.092	0.136	0.152	0.34	0.292	0.2	0.224	0.08	0.172	0.148	0.124	0.124	0.168	0.576	0.672	0.032	0.184	0.184	0.216	0.288
CD1C	0.016	0.028	0.02	0.2	0.148	0.056	0.156	0.104	0.024	0.032	0.04	0.024	0.06	0.064	0.068	0.164	0.044	0.14	0	0.068	0.008	0.044	0.016	0.088	0.076	0.048	0.068	0.016	0.04	0.048	0.096	0.048	0.008	0.324	0.068	0.008	0.024	0.048	0.1	0.044
EOMES	0.416	0.2	0.352	0.112	0.16	0.092	0.468	0.324	0.088	0.044	0.356	0.112	0.108	0.128	0.184	0.376	0.156	0.12	0.928	0.1	0.44	0.26	0.036	0.088	0.084	0.184	0.036	0.028	0.6	0.064	0.096	0.032	0.26	0.252	0.14	0.068	0.036	0.188	0.276	0.204
IKZF2	0.516	0.144	0.248	0.16	0.408	0.288	0.168	0.52	0.096	0.144	0.32	0.428	0.3	0.264	0.208	0.172	0.088	0.348	0.404	0.144	0.38	0.136	0.54	0.232	0.208	0.288	0.22	0.132	0.368	0.148	0.064	0.18	0.168	0.304	0.444	0.188	0.344	0.22	0.168	0.172
FN1	34.952	10.844	11.444	7.628	14.416	2.652	14.012	7.012	22.368	3.248	11.108	7.752	22.756	4.856	12.068	18.964	9.988	3.204	36.536	9.844	8.652	19.1	2.188	6.164	21.5	3.092	24.216	6.332	21.208	15.816	5.46	1.404	6.136	5.48	4.304	1.264	2.724	2.856	14.96	9.46
PLOD2	0.788	0.1	0.732	0.56	0.744	0.228	0.316	1.528	0.392	0.428	0.4	0.376	0.468	1.132	0.376	0.456	0.228	0.308	0.908	0.236	0.8	0.444	0.312	0.408	0.484	0.696	0.532	0.116	1.276	0.448	0.22	0.628	0.188	0.8	0.536	0.22	0.448	0.328	0.28	0.284
ZAP70	0.072	0.032	0.032	0.056	0.292	0.044	0.112	0.12	0.016	0.06	0	0.068	0.064	0.064	0.048	0.252	0.02	0.1	0.064	0.092	0.08	0.024	0.052	0.032	0.064	0.056	0.056	0.004	0.084	0.036	0.016	0.04	0.012	0.152	0.08	0.036	0.076	0.052	0.144	0.064
CSF3R	0.496	0.352	0.284	0.456	0.532	0.076	0.904	0.276	0.072	0.172	0.192	0.376	0.148	0.268	0.388	1.368	0.668	0.308	0.492	0.472	0.144	0.244	0.132	0.36	0.084	0.148	0.088	0.024	0.708	0.084	0.192	0.136	0.256	0.488	0.1	0.104	0.104	0.148	0.288	0.392
DIABLO	0.556	0.3	0.3	0.612	0.428	0.268	0.336	0.576	0.356	0.18	0.16	0.256	0.528	0.468	0.5	0.616	0.316	0.324	0.564	0.428	0.276	0.288	0.184	0.252	0.504	0.268	0.264	0.176	0.32	0.324	0.12	0.244	0.276	0.676	0.212	0.172	0.32	0.228	0.388	0.272
WWTR1	2.824	2.264	1.496	3.604	4.804	2.044	2.348	2.552	2.4	3.112	1.628	2.372	3.008	1.376	4.168	6.104	2.36	2.036	1.984	1.604	1.804	1.44	1.768	3.292	2.092	1.408	2.136	0.9	2.484	1.548	1.096	2.26	1.08	4.78	1.76	0.652	1.156	0.984	1.464	1.364
SRPRB	0.24	0.148	0.16	0.192	0.156	0.088	0.296	0.164	0.336	0.108	0.044	0.152	0.404	0.208	0.116	0.38	0.196	0.196	0.128	0.112	0.116	0.108	0.076	0.256	0.316	0.076	0.3	0.08	0.152	0.164	0.108	0.06	0.064	0.292	0.168	0.032	0.092	0.144	0.152	0.172
IL13	0.664	0.376	0.132	0.524	0.516	0.284	0.572	0.6	0.316	0.38	0.404	0.388	0.376	0.676	0.348	0.596	0.208	0.344	0.72	0.308	0.42	0.324	0.568	0.344	0.2	0.572	0.236	0.064	0.44	0.32	0.248	0.324	0.188	0.612	0.48	0.104	0.192	0.172	0.7	0.576
HDAC3	0.756	0.328	0.508	0.496	0.54	0.128	0.316	0.404	0.36	0.396	0.228	0.3	0.492	0.364	0.524	0.612	0.288	0.276	0.652	0.5	0.316	0.344	0.212	0.316	0.404	0.192	0.3	0.068	0.56	0.152	0.172	0.276	0.208	0.692	0.38	0.136	0.152	0.324	0.84	0.272
EPHA4	0.276	0.108	0.18	0.548	0.824	0.42	0.288	0.864	0.112	0.284	0.164	0.216	0.228	0.408	0.292	0.484	0.2	0.44	0.332	0.192	0.148	0.14	0.116	0.54	0.268	0.492	0.204	0.1	0.344	0.192	0.128	0.292	0.12	0.624	0.392	0.272	0.196	0.288	0.424	0.316
ARAF	0.728	0.312	0.38	0.76	0.64	0.336	0.612	0.54	0.424	0.224	0.296	0.292	0.532	0.452	1.004	0.596	0.448	0.208	0.656	0.26	0.356	0.344	0.236	0.316	0.384	0.28	0.376	0.1	0.824	0.3	0.24	0.336	0.312	0.8	0.3	0.192	0.224	0.448	0.444	0.34
VSIR	0.592	0.28	0.36	0.332	0.244	0.4	0.272	0.188	0.332	0.216	0.248	0.164	0.516	0.208	0.272	1.008	0.152	0.244	0.096	0.204	0.504	0.276	0.228	0.256	0.392	0.132	0.32	0.168	0.24	0.236	0.144	0.308	0.048	0.572	0.3	0.064	0.116	0.224	0.324	0.124
TMEM59	2.412	0.692	1.548	0.516	1.368	0.684	1.096	0.792	1.34	0.644	1.316	0.564	1.36	0.744	0.764	1.896	0.8	0.416	3.092	0.696	1.592	1.456	0.46	0.884	1.028	0.66	1.232	0.404	1.912	0.692	0.476	0.3	1.004	1.068	0.92	0.256	0.744	0.592	1.172	0.468
COL6A3	7.204	1.5	3.292	2.428	6.7	3.948	2.104	1.92	3.052	2.5	1.868	3.516	6.236	2.5	5.08	3.388	1.336	3.608	12.284	1.272	4.044	3.756	3.876	3.7	7.208	1.436	6.42	1.62	4.824	6.088	2.788	2.112	1.876	4.228	2.304	0.552	2.012	2.66	3.116	1.252
WNT5A	0.16	0.264	0.112	0.532	0.86	0.236	0.408	0.536	0.688	0.164	0.096	0.296	0.348	0.48	0.352	0.804	0.152	0.252	0.42	0.256	0.16	0.168	0.216	0.468	0.132	0.124	0.212	0.088	0.14	0.14	0.128	0.216	0.048	0.928	0.36	0.172	0.24	0.212	0.612	0.276
BTLA	0.204	0.12	0.088	0.296	0.22	0.104	0.268	0.316	0.04	0.132	0.048	0.18	0.172	0.356	0.232	0.4	0.12	0.324	0.224	0.184	0.08	0.116	0.176	0.188	0.16	0.112	0.136	0.056	0.132	0.108	0.12	0.116	0.044	0.508	0.268	0.064	0.116	0.18	0.444	0.156
SRC	0.54	0.26	0.372	0.632	1.34	0.328	0.66	0.68	0.992	0.328	0.46	0.784	1.056	0.856	0.54	0.82	0.388	0.488	0.416	0.312	0.388	0.464	0.168	0.724	0.828	0.392	0.644	0.22	0.424	0.6	0.292	0.368	0.312	0.624	0.428	0.352	0.156	0.216	0.692	0.296
NOS3	3.02	1.004	1.432	3.304	3.22	1.676	2.888	4.988	1.472	1.524	2.504	1.408	1.992	1.408	2.544	4.652	1.452	1.616	4.392	1.392	1.764	0.94	1.576	1.728	1.936	1.8	1.78	0.724	1.064	1.068	0.876	2.44	0.292	2.488	4.124	1.964	1.344	2.224	3.892	2.052
BUB1	0.424	0.128	0.192	0.46	0.212	0.12	0.268	0.336	0.128	0.112	0.212	0.188	0.288	0.264	0.292	0.444	0.14	0.204	0.204	0.184	0.156	0.128	0.148	0.28	0.204	0.156	0.24	0.028	0.232	0.184	0.072	0.208	0.116	0.316	0.192	0.156	0.088	0.176	0.428	0.264
CD80	0.264	0.104	0.208	0.192	0.144	0.104	0.208	0.292	0.136	0.152	0.124	0.1	0.156	0.176	0.232	0.32	0.104	0.168	0.3	0.176	0.12	0.212	0.088	0.096	0.16	0.108	0.104	0.044	0.14	0.112	0.156	0.076	0.096	0.228	0.148	0.048	0.056	0.1	0.192	0.088
TGFB2	0.496	0.792	0.228	0.64	1.264	0.196	0.916	0.508	0.388	0.272	0.276	1.16	0.428	0.664	0.64	1.636	0.804	0.592	0.248	0.78	0.728	0.132	0.168	0.436	0.304	0.568	0.216	0.104	0.128	0.124	0.272	0.292	0.096	0.532	0.368	0.116	0.208	0.484	0.788	0.832
ENG	8.196	1.452	5.62	2.672	8.116	3.84	1.956	8.188	3.048	2.3	3.036	5.34	5.384	4.488	9.808	4.92	2.272	3.104	6.732	1.792	4.312	3.496	2.16	3.028	3.044	3.056	4.336	1.496	5.884	2.308	1.864	1.964	2.316	4.136	5.264	1.964	1.964	3.884	2.34	2.76
MUC1	3.632	1.592	2.508	1.052	2.928	7.424	2.868	3.828	0.084	1.024	2.768	3.796	0.056	3.116	7.184	3.244	1.876	2.62	6.404	1.28	3.248	2.708	5.872	1.752	0.068	2.08	0.08	0.036	5.792	0.14	3.376	0.256	1.44	1.76	3.952	2.1	5.376	5.672	5.836	0.9
CASP8	0.428	0.208	0.196	0.124	0.348	0.176	0.344	0.148	0.092	0.052	0.268	0.148	0.32	0.132	0.252	0.432	0.136	0.108	0.356	0.172	0.392	0.184	0.184	0.164	0.224	0.148	0.24	0.068	0.26	0.216	0.056	0.1	0.064	0.248	0.252	0.064	0.084	0.084	0.204	0.148
PIK3CG	0.272	0.292	0.156	0.184	0.416	0.128	0.216	0.468	0.176	0.14	0.248	0.144	0.296	0.244	0.176	0.368	0.244	0.14	0.048	0.172	0.276	0.144	0.104	0.324	0.208	0.22	0.108	0.108	0.26	0.184	0.056	0.144	0.108	0.252	0.276	0.112	0.144	0.172	0.284	0.228
BRAF	0.988	0.4	0.612	0.908	0.632	0.376	0.62	0.7	0.304	0.168	0.416	0.4	0.564	0.52	0.72	0.712	0.532	0.272	1.4	0.468	0.816	0.6	0.356	0.36	0.512	0.4	0.336	0.176	0.772	0.308	0.28	0.36	0.344	0.612	0.532	0.228	0.368	0.34	0.812	0.412
HLA.DPB1	4.14	1.7	1.812	0.656	3.38	1.46	1.816	1.376	1.996	1.416	1.432	1.488	3.164	1.076	1.804	3.556	1.56	0.868	4.276	1.24	2.904	1.596	1.648	1.528	2.636	1.116	2.828	0.904	1.944	1.812	0.596	0.74	0.72	1.012	1.848	0.6	1.048	1.036	1.6	1.116
CSF2RA	0.188	0.276	0.12	0.152	0.216	0.116	0.408	0.12	0.096	0.068	0.124	0.064	0.256	0.276	0.124	0.252	0.168	0.128	0.344	0.132	0.132	0.096	0.108	0.148	0.184	0.092	0.132	0.052	0.104	0.112	0.032	0.06	0.072	0.296	0.12	0.06	0.124	0.076	0.04	0.172
PDGFC	1.624	0.108	0.676	0.592	0.9	0.328	0.36	1.064	0.224	0.444	0.668	0.396	0.364	0.532	0.26	0.408	0.228	0.424	1.62	0.204	0.9	0.52	0.456	0.38	0.2	0.876	0.216	0.12	1.672	0.144	0.148	0.14	0.32	0.452	0.692	0.276	0.352	0.424	0.3	0.208
LEF1	1.376	0.228	0.68	0.816	1.548	0.548	0.568	1.024	0.804	0.34	0.756	1.048	1.092	0.848	0.768	0.96	0.3	0.868	1.28	0.3	1.1	0.768	0.588	0.452	1.048	0.884	0.932	0.352	1.64	0.452	0.432	0.384	0.22	0.656	1.316	0.592	0.216	0.54	0.84	0.428
TGFBI	3.376	0.36	1.44	0.452	2.468	0.584	0.652	1.136	1.688	0.408	1.052	0.636	1.9	1.736	0.948	0.892	0.412	0.8	3.16	0.316	2.396	1.8	0.536	0.96	1.788	0.868	1.124	0.488	1.404	0.964	0.176	0.512	1.1	0.588	1.64	0.372	0.416	0.372	1.064	0.72
RGMB	0.688	0.32	0.36	1.004	0.72	0.556	0.588	0.86	0.332	0.592	0.352	0.544	0.516	0.724	0.468	0.884	0.152	0.456	0.512	0.376	0.448	0.276	0.492	0.748	0.524	0.672	0.388	0.132	0.696	0.208	0.5	0.516	0.116	0.716	0.46	0.316	0.656	1.048	0.848	0.392
IDO1	0.112	0.116	0.048	0.14	0.18	0.072	0.152	0.384	0.132	0.092	0.04	0.068	0.14	0.124	0.148	0.292	0.064	0.208	0.056	0.088	0.012	0.028	0.084	0.116	0.188	0.116	0.124	0.048	0.032	0.084	0.064	0.1	0.036	0.112	0.216	0.04	0.064	0.124	0.12	0.06
ITK	0.056	0.02	0.02	0.068	0.104	0.044	0.08	0.064	0.048	0.024	0.004	0.056	0.036	0.068	0.128	0.136	0.044	0.028	0.116	0.044	0.044	0.016	0.008	0.024	0.044	0.048	0.02	0.012	0.064	0.016	0.044	0.016	0.02	0.044	0.064	0.048	0.044	0.032	0.076	0.044
IKBKB	0.952	0.42	0.616	0.568	0.716	0.292	0.788	0.824	0.38	0.368	0.736	0.364	0.444	0.668	1.024	1.936	0.488	0.292	1.504	0.508	0.624	0.736	0.372	0.572	0.472	0.524	0.448	0.188	1.292	0.26	0.448	0.228	0.492	0.476	0.548	0.244	0.4	0.372	0.616	0.324
PAX5	0	0.324	0.176	1.02	1.384	0.128	0.996	1	0.236	0.252	0.388	0.64	0.912	0.748	0.66	1.028	0.24	0.292	0.576	0.46	0.624	0.296	0.396	1.672	0.56	0.416	0.508	0.136	0.516	0.596	0.288	0.568	0.136	1.64	0.74	0.216	0.216	0.54	0.948	0.532
PTK2	2.652	0.936	1.296	1.032	3.076	0.932	1.544	1.212	0.884	0.564	1.188	1.008	1.444	1.252	1.756	1.884	0.872	0.476	1.972	0.656	1.528	1.036	0.872	1.332	1.308	0.98	0.84	0.416	1.764	0.596	0.588	0.448	0.668	1.356	1.236	0.588	0.584	0.908	1.328	1.116
TEAD1	2.06	0.452	0.988	0.92	2.092	0.792	0.796	1.392	0.888	1.432	0.34	0.924	1.512	1.732	1.012	1.06	0.584	0.92	1.348	0.512	0.404	0.94	0.884	1.412	1.3	0.924	1.252	0.28	1.404	1.004	0.54	1.38	0.488	1.644	1.66	0.404	0.676	0.684	0.764	0.464
FLI1	1.228	0.264	0.332	0.604	0.868	0.4	0.304	0.504	0.24	0.384	0.24	0.296	0.652	0.612	0.852	0.98	0.188	0.356	0.952	0.34	0.608	0.384	0.432	0.42	0.552	0.536	0.42	0.312	0.476	0.44	0.312	0.472	0.356	0.816	0.944	0.256	0.604	0.592	0.668	0.24
CD3E	0.068	0.012	0.02	0.044	0.092	0.028	0.044	0.04	0.036	0.024	0.032	0.044	0.068	0.028	0.024	0.076	0.008	0.076	0.048	0.052	0.004	0.044	0.036	0.02	0.072	0.04	0.064	0.016	0.044	0.06	0.052	0.044	0.016	0.096	0.04	0.028	0.04	0.02	0.064	0.04
MS4A1	0	0.024	0.048	0.164	0.056	0.06	0.044	0.064	0	0.072	0.016	0.044	0.092	0.016	0.08	0.12	0.064	0.016	0.024	0.06	0.02	0.012	0.052	0.124	0.028	0.016	0.036	0.012	0.036	0.048	0.016	0.08	0.012	0.124	0.064	0.02	0.04	0.052	0.052	0.072
CD3G	0.108	0.092	0.052	0.128	0.22	0.072	0.224	0.148	0.076	0.04	0.028	0.104	0.06	0.132	0.136	0.16	0.08	0.08	0.056	0.048	0.028	0.016	0.048	0.092	0.052	0.084	0.092	0.012	0.08	0.032	0.036	0.016	0.012	0.188	0.124	0.04	0.036	0.064	0.156	0.084
TCF7L2	1.044	0.524	0.624	1.788	1.848	1.356	0.704	1.152	0.38	1.744	0.536	0.864	0.7	1.68	1.204	0.96	0.44	1.032	0.976	0.676	0.552	0.356	1.48	1.668	0.616	1.956	0.58	0.296	0.84	0.484	0.492	0.784	0.132	1.336	1.36	0.476	0.616	1.076	0.864	0.488
SMOC2	1.648	0.844	1.36	1.288	2.576	1.232	1.296	1.92	0.376	1.096	0.412	1.312	0.744	1.624	1.208	3.54	1.028	0.944	0.836	1.076	0.428	0.488	1.416	0.968	0.672	1.496	0.624	0.236	0.812	0.468	0.488	0.724	0.324	1.26	1.644	0.564	0.316	0.828	1.292	0.356
ETS1	1.928	1.316	0.788	1.216	4.004	1.336	2.756	1.8	1.464	0.936	0.88	0.724	2.856	1.328	0.788	7.18	1.42	0.652	1.496	0.784	0.4	1.048	0.848	1.004	2.044	1.32	1.592	0.876	1.036	1.512	0.524	1.108	0.588	1.572	1.316	0.62	1.052	1.76	1.264	0.996
CD22	0.424	0.176	0.188	0.388	0.164	0.096	0.144	0.108	0.052	0.296	0.132	0.164	0.364	0.136	0.176	0.356	0.1	0.196	0.388	0.12	0.128	0.208	0.072	0.372	0.136	0.088	0.14	0.052	0.3	0.104	0.072	0.168	0.1	0.324	0.208	0.068	0.176	0.104	0.248	0.276
CD19	0.128	0.084	0.04	0.244	0.156	0.064	0.072	0.104	0.036	0.06	0.064	0.124	0.144	0.164	0.104	0.364	0.144	0.112	0.056	0.152	0.088	0.028	0.06	0.408	0.12	0.048	0.112	0.008	0.096	0.108	0.1	0.224	0.004	0.2	0.12	0.032	0.112	0.088	0.224	0.172
MSH6	0.644	0.216	0.348	0.428	0.48	0.24	0.288	0.244	0.364	0.156	0.292	0.316	0.42	0.392	0.188	0.644	0.232	0.18	0.656	0.18	0.236	0.264	0.192	0.304	0.396	0.1	0.292	0.124	0.332	0.172	0.172	0.104	0.224	0.424	0.288	0.108	0.056	0.184	0.428	0.204
CD27	0.088	0.032	0.032	0.052	0.036	0.012	0.036	0.104	0.032	0.084	0.028	0.036	0.072	0.024	0.048	0.092	0.032	0.044	0.068	0.068	0.048	0.032	0.04	0.04	0.06	0.02	0.036	0.02	0.032	0.044	0.028	0.04	0.02	0.056	0.052	0.02	0.028	0.008	0.084	0.088
ERBB2	1.364	0.612	0.676	0.816	0.884	0.536	1.028	0.844	0.18	0.236	0.772	0.396	0.544	0.52	0.492	1.096	0.536	0.236	1.1	0.532	0.696	0.944	0.52	0.412	0.316	0.364	0.204	0.12	0.508	0.22	0.136	0.184	0.388	0.368	0.5	0.3	0.356	0.352	0.336	0.492
CD163	0.524	0.1	0.28	0.344	0.34	0.272	0.22	0.332	0.168	0.092	0.208	0.112	0.196	0.256	0.456	0.376	0.104	0.132	0.34	0.092	0.4	0.196	0.12	0.236	0.104	0.128	0.168	0.12	0.128	0.056	0.072	0.096	0.172	0.272	0.196	0.076	0.088	0.168	0.244	0.156
NLRC5	0.6	0.48	0.248	0.408	0.944	0.228	0.448	0.356	0.252	0.224	0.372	0.376	0.656	0.604	0.54	0.612	0.424	0.288	0.372	0.22	0.272	0.208	0.144	0.488	0.452	0.276	0.448	0.216	0.296	0.328	0.152	0.312	0.2	0.38	0.772	0.224	0.04	0.244	0.46	0.584
MSH2	0.452	0.136	0.268	0.36	0.532	0.124	0.392	0.392	0.248	0.168	0.256	0.228	0.26	0.236	0.268	0.384	0.168	0.128	0.632	0.228	0.384	0.256	0.204	0.264	0.264	0.192	0.228	0.088	0.26	0.144	0.164	0.168	0.152	0.348	0.22	0.08	0.196	0.096	0.368	0.212
PRTN3	0.224	0.124	0.192	0.428	0.464	0.252	0.24	0.348	0.088	0.196	0.032	0.268	0.26	0.496	0.408	0.392	0.136	0.204	0.28	0.164	0.088	0.14	0.148	0.344	0.176	0.228	0.148	0.072	0.116	0.172	0.068	0.3	0.084	0.492	0.484	0.232	0.132	0.292	0.52	0.184
ITGAM	0.244	0.072	0.116	0.108	0.292	0.136	0.088	0.26	0.148	0.096	0.204	0.088	0.16	0.116	0.144	0.296	0.112	0.108	0.248	0.092	0.324	0.084	0.156	0.068	0.172	0.08	0.152	0.06	0.232	0.16	0.02	0.072	0.104	0.132	0.08	0.036	0.08	0.056	0.252	0.064
ROR1	0.416	0.272	0.204	0.416	0.412	0.448	0.412	0.588	0.172	0.212	0.252	0.336	0.208	0.456	0.252	0.54	0.228	0.544	0.344	0.228	0.112	0.284	0.244	0.356	0.244	0.344	0.252	0.124	0.244	0.144	0.248	0.28	0.084	0.716	0.704	0.24	0.12	0.212	0.424	0.332
ERBB3	1.08	0.38	0.62	0.2	0.388	0.208	0.424	0.188	0.164	0.248	0.456	0.308	0.204	0.176	0.388	0.58	0.38	0.108	0.852	0.344	0.488	0.608	0.328	0.232	0.12	0.136	0.128	0.016	0.512	0.092	0.092	0.116	0.244	0.344	0.216	0.06	0.228	0.204	0.352	0.284
SELPLG	0.24	0.18	0.06	0.108	0.204	0.144	0.192	0.2	0.12	0.048	0.072	0.124	0.188	0.12	0.084	0.312	0.08	0.112	0.208	0.18	0.088	0.096	0.088	0.108	0.148	0.104	0.092	0.044	0.12	0.12	0.1	0.072	0.06	0.2	0.108	0.024	0.124	0.068	0.188	0.1
PGF	8.596	4.512	2.688	4.368	6.304	6.492	3.6	7.42	3.104	3.12	2.684	6.084	4.396	4.592	7.252	7.544	2.364	3.672	4.128	3.224	4.012	2.68	4.828	3.492	4.144	6.248	4.144	2.252	5.34	4.948	3.704	6.62	2.22	7.656	4.184	3.636	4.344	3.732	6.06	4.168
NDUFA4L2	4.604	1.404	4.416	3.9	6.26	2.08	3.236	6.904	1.692	6.544	1.624	2.604	3.4	3.208	4.256	2.552	2.48	1.7	3.648	3.612	1.168	1.652	2.368	4.852	1.852	2.544	2.52	0.732	1.296	1.708	1.576	4.376	1.148	4.744	5.728	1.52	1.804	2.904	3.04	3.696
IGF1R	3.724	0.816	1.884	0.684	3.144	0.936	1.26	1.872	0.68	0.632	2.292	1.02	1.328	1.448	1.9	1.464	0.816	1.192	3.432	0.528	1.932	1.848	0.62	0.892	0.948	1.136	0.844	0.344	2.932	0.8	0.78	1.088	1.18	1.148	1.268	0.72	0.34	0.332	1.208	0.42
PECAM1	14.544	4.44	7.816	2.992	5.544	2.728	5.904	2.744	5.216	3.228	8.636	3.064	7.02	2.472	5.948	15.092	4.884	3.752	11.132	3.904	9.664	4.152	4.4	3.844	6.556	1.828	7.092	2.984	5.908	3.884	1.392	2.116	1.6	4.328	4.656	1.016	2.552	2	5.388	2.9
MAP2K1	0.676	0.292	0.564	0.672	2.192	0.716	0.952	1.208	0.508	0.24	0.272	0.276	0.736	0.66	0.712	1.78	0.408	0.54	1	0.696	0.472	0.404	0.5	0.576	0.544	0.636	0.524	0.156	0.66	0.38	0.364	0.396	0.272	0.816	0.752	0.312	0.36	0.268	0.824	0.34
MRC1	0.268	0.164	0.124	0.376	0.416	0.276	0.22	0.316	0.084	0.076	0.084	0.26	0.284	0.496	0.408	0.372	0.216	0.332	0.324	0.124	0.4	0.104	0.28	0.352	0.324	0.232	0.328	0.144	0.18	0.228	0.108	0.096	0.016	0.356	0.256	0.12	0.276	0.272	0.28	0.14
MYH11	1.088	0.184	1.684	1.272	1.812	0.404	0.58	0.716	0.14	2.3	0.112	0.596	0.272	0.92	1.4	0.568	0.196	0.768	0.204	0.392	0.24	0.288	0.284	0.688	0.26	0.824	0.556	0.12	0.612	0.208	0.324	0.796	0.184	1.972	1.08	0.192	0.304	0.684	0.508	0.324
ICAM2	1.456	0.648	0.652	1.664	0.484	0.68	0.792	1.236	0.9	0.76	1.076	1.136	1.772	0.5	1.796	2.784	1.14	0.564	1.78	0.912	0.472	0.428	0.844	1.236	1.156	0.6	1.312	0.648	0.804	1.016	0.292	1.18	0.256	1.372	1.292	0.324	0.972	0.652	1.224	1.156
CD226	0.12	0.148	0.136	0.264	0.524	0.192	0.312	0.108	0.052	0.072	0.104	0.18	0.116	0.132	0.148	0.34	0.068	0.12	0	0.176	0.048	0.076	0.156	0.144	0.092	0.2	0.128	0.028	0.14	0.068	0.068	0.096	0.076	0.18	0.208	0.044	0.104	0.156	0.152	0.136
TNFRSF13B	0.496	0.256	0.384	0.988	1.016	0.456	0.768	0.504	0.26	0.328	0.236	0.524	0.724	0.5	0.572	0.568	0.224	0.432	0.404	0.34	0.136	0.208	0.344	0.8	0.412	0.296	0.408	0.196	0.716	0.384	0.176	0.476	0.056	0.764	1.112	0.292	0.2	0.388	0.764	0.38
CD68	12.428	1.112	9.744	1.492	4.268	5.46	2.044	1.688	11.7	1.956	8.524	7.98	9.308	2.876	6.188	5.62	1.616	1.48	12.816	2	10.2	8.54	2.152	4.396	7.152	2.352	11.1	3.216	10.236	4.708	2.208	2.252	4.584	2.38	3.18	1.86	3.224	3.648	6.112	1.552
AURKB	1.14	0.308	0.576	0.484	1.356	0.172	0.708	0.688	0.516	0.516	0.6	0.644	0.908	0.512	0.832	0.944	0.436	0.328	1.1	0.316	0.544	0.536	0.288	0.468	0.56	0.392	0.76	0.224	1.124	0.504	0.212	0.296	0.352	0.64	0.432	0.228	0.332	0.344	0.716	0.572
SMAD2	1.808	0.708	0.928	0.756	1.408	0.464	1.344	1.092	1.272	0.984	0.9	0.516	1.632	0.984	1.312	1.092	1.072	0.256	2.3	0.764	1.092	1.016	0.592	0.52	1.536	0.664	1.364	0.384	1.304	0.84	0.224	0.552	0.472	1.24	0.516	0.512	0.308	0.32	0.656	1.22
SMARCA4	2.096	0.532	0.896	0.9	1.52	0.68	1.264	1.008	1.488	0.416	1.132	0.444	1.512	0.912	0.628	1.4	0.804	0.732	2.18	0.5	0.852	0.82	0.808	0.864	1.368	0.704	1.176	0.444	1.628	0.804	0.312	0.396	0.612	0.728	0.852	0.384	0.588	0.704	0.736	0.436
STAT5A	0.46	0.104	0.22	0.236	0.56	0.16	0.336	0.252	0.224	0.244	0.116	0.3	0.3	0.332	0.304	0.504	0.216	0.192	0.448	0.18	0.172	0.168	0.052	0.184	0.208	0.18	0.2	0.076	0.184	0.136	0.096	0.096	0.084	0.3	0.372	0.136	0.072	0.12	0.26	0.32
CCR10	0.52	0.32	0.224	0.348	0.576	0.24	0.42	0.728	0.076	0.392	0.1	0.22	0.268	0.468	0.708	0.656	0.324	0.268	0.148	0.596	0.212	0.08	0.164	0.208	0.116	0.292	0.172	0.044	0.248	0.14	0.212	0.328	0.104	0.912	0.704	0.172	0.304	0.396	0.552	0.536
DNMT1	1.34	0.7	0.848	1.308	0.864	0.488	1.496	0.712	0.916	0.42	0.608	0.94	1.272	0.42	0.54	1.012	0.648	0.316	1.896	0.556	0.684	0.74	0.332	0.416	0.892	0.356	0.904	0.336	1.04	0.508	0.676	0.3	0.696	1.12	0.816	0.392	0.304	0.78	1.004	0.58
IRF3	1.172	0.248	0.612	0.948	1.736	0.4	0.696	0.612	0.492	0.436	0.532	0.592	0.72	0.688	0.788	1.276	0.7	0.332	1.576	0.456	0.952	0.5	0.456	0.708	0.564	0.44	0.584	0.2	1.236	0.464	0.384	0.34	0.312	0.904	0.64	0.272	0.38	0.476	0.636	0.324
CCL5	0.304	0.14	0.072	0.068	0.108	0.068	0.092	0.208	0.248	0.084	0.076	0.08	0.316	0.112	0.172	0.248	0.12	0.152	0.172	0.108	0.048	0.14	0.112	0.088	0.24	0.128	0.144	0.08	0.092	0.164	0.016	0.152	0.008	0.392	0.224	0.056	0.068	0.104	0.208	0.084
TRAC	0.132	0.024	0.064	0.056	0.068	0.052	0.088	0.104	0.1	0.072	0.06	0.06	0.244	0.104	0.076	0.096	0.06	0.076	0.028	0.064	0.044	0.048	0.112	0.184	0.156	0.036	0.184	0.072	0.056	0.18	0.032	0.044	0.04	0.04	0.092	0.032	0.072	0.064	0.044	0.032
CCL3	1.128	0.616	1.616	1.468	4.296	1.512	0.844	4.5	1.86	1.124	1.428	1.896	3.112	2.704	2.232	1.336	0.528	2.268	0.828	0.468	1.4	0.952	1.432	2.412	1.916	1.664	1.632	0.768	2.112	1.468	0.712	1.816	0.752	1.756	2.692	1.084	1.016	0.968	1.352	0.668
CDH5	8.976	2.356	4.296	3.796	4.932	4.744	8.132	4.712	2.78	1.924	1.368	3.22	4.612	3.608	12.04	4.472	3.124	3.824	5.124	3.456	5.72	1.428	3.78	2.856	4.368	5.004	4.96	1.848	2.372	2.476	3.88	3.064	1.776	6.152	5.872	3.344	2.908	5.284	4.976	2.996
RET	0.184	0.368	0.088	0.636	0.512	0.364	0.872	0.912	0.164	0.376	0.088	0.192	0.188	0.652	0.368	0.908	0.524	0.356	0.12	0.384	0.088	0.228	0.236	0.7	0.176	0.432	0.188	0.06	0.1	0.116	0.224	0.244	0.08	0.736	0.464	0.236	0.232	0.24	0.52	0.208
FLT1	3.4	3.852	1.896	4.712	11.072	4.856	6.32	5.176	1.964	1.064	2.076	2.872	2.468	7.14	2.564	12.276	4.864	2.552	3.608	4.76	1.752	2.576	2.008	2.5	1.672	2.308	1.536	0.52	3.208	0.948	2.288	1.956	1.308	5.036	4.032	2.428	1.856	3.596	4.576	2
EPHB4	2.472	1.244	1.62	3.52	4.184	1.816	2.896	2.396	2.084	1.884	1.052	1.672	2.348	2.236	1.628	3.172	1.54	2.584	3.664	1.256	1.26	1.14	1.884	1.984	1.996	1.372	1.82	0.708	1.048	1.424	0.852	1.076	0.972	2.28	2.588	0.868	1.22	1.576	1.776	3.132
CCL17	0	0.108	0	0.396	0.348	0.124	0.208	0.12	0.176	0.136	0.072	0.168	0.2	0.304	0.132	0.396	0.14	0.12	0.168	0.224	0.052	0.072	0.072	0.324	0.592	0.088	0.452	0.228	0.14	0.392	0.116	0.04	0.032	0.372	0.176	0.088	0.132	0.152	0.38	0.2
CIITA	0.196	0.204	0.088	0.072	0.188	0.112	0.156	0.112	0.08	0.128	0.04	0.04	0.14	0.076	0.116	0.464	0.152	0.092	0.084	0.216	0.112	0.104	0.076	0.1	0.084	0.036	0.096	0.048	0.06	0.1	0.052	0.08	0.02	0.104	0.1	0.108	0.14	0.064	0.084	0.06
CLDN5	5.504	2.752	2.556	4.116	4.08	2.988	1.988	3.78	2.392	1.748	0.628	4.524	2.732	6.668	5.6	6.272	1.056	1.672	1.66	2.8	2.564	2.004	3.44	4.608	2.516	2.776	3.108	1.144	2.344	1.664	1.564	3.892	0.544	4.98	5.488	1.784	2.212	4.224	4.476	3.644
CD177	0.18	0.088	0.056	0.288	0.26	0.132	0.196	0.22	0.1	0.064	0.068	0.136	0.084	0.18	0.1	0.32	0.084	0.164	0.12	0.124	0.068	0.088	0.084	0.104	0.072	0.084	0.072	0.02	0.116	0.088	0.06	0.124	0.06	0.308	0.292	0.088	0.04	0.116	0.14	0.308
VEGFC	1.22	0.328	0.888	0.692	0.924	0.668	0.472	1.392	0.268	0.424	0.168	1.008	0.336	0.984	1.16	0.692	0.288	0.88	0.56	0.296	0.656	0.496	0.748	0.74	0.332	0.768	0.64	0.088	0.768	0.336	0.164	0.332	0.2	0.892	1.048	0.276	0.72	0.536	0.74	0.328
AXIN2	0.38	0.248	0.392	0.7	0.428	0.312	0.348	0.556	0.2	0.288	0.236	0.48	0.34	0.584	0.376	0.688	0.224	0.188	0.396	0.4	0.496	0.368	0.204	0.284	0.3	0.372	0.308	0.14	0.488	0.24	0.12	0.4	0.188	0.604	0.388	0.188	0.296	0.292	0.632	0.292
PDPN	0.516	0.148	0.196	0.336	0.96	0.184	0.26	0.472	0.372	0.164	0.236	0.228	0.272	0.668	0.308	0.524	0.148	0.34	0.356	0.172	0.324	0.236	0.152	0.384	0.316	0.26	0.308	0.156	0.56	0.304	0.196	0.244	0.232	0.5	0.488	0.128	0.152	0.244	0.336	0.36
TRBC1	0.352	0.108	0.12	0.096	0.356	0.188	0.156	0.22	0.2	0.148	0.084	0.12	0.332	0.092	0.272	0.176	0.132	0.184	0.128	0.064	0.032	0.092	0.256	0.308	0.368	0.056	0.272	0.12	0.088	0.292	0.048	0.256	0.08	0.244	0.308	0.044	0.144	0.088	0.06	0.188
SERPINA1	1.3	0.216	0.928	0.388	1.112	0.144	0.412	0.536	0.76	0.38	1.136	0.304	0.94	0.552	0.6	0.712	0.228	0.288	1.536	0.344	1.152	0.636	0.196	0.648	0.924	0.436	0.724	0.196	1.2	0.56	0.284	0.904	0.4	0.456	0.428	0.276	0.316	0.4	0.596	0.184
FGFR2	0.16	0.128	0.2	0.072	0.236	0.08	0.304	0.084	0.056	0.112	0.1	0.136	0.048	0.076	0.132	0.404	0.144	0.144	0.3	0.128	0.156	0.136	0.044	0.224	0.02	0.124	0.048	0.004	0.128	0.064	0.06	0.108	0.036	0.192	0.176	0.064	0.036	0.064	0.196	0.128
ATM	0.344	0.228	0.228	0.4	0.492	0.416	0.484	0.436	0.204	0.212	0.184	0.272	0.348	0.204	0.376	0.272	0.224	0.1	0.292	0.184	0.164	0.116	0.304	0.288	0.216	0.2	0.256	0.116	0.124	0.228	0.084	0.204	0.092	0.308	0.244	0.156	0.12	0.184	0.304	0.3
PRF1	0.312	0.108	0.08	0.316	0.34	0.12	0.364	0.288	0.152	0.188	0.184	0.168	0.328	0.44	0.456	0.288	0.16	0.22	0.172	0.144	0.072	0.184	0.22	0.524	0.184	0.288	0.188	0.048	0.3	0.164	0.176	0.256	0.088	0.376	0.504	0.08	0.26	0.216	0.484	0.188
IL10	0.528	0.24	0.16	0.352	0.84	0.372	0.344	0.396	0.112	0.368	0.208	0.468	0.284	0.628	0.392	0.568	0.12	0.336	0.192	0.26	0.084	0.18	0.16	0.444	0.1	0.572	0.228	0.084	0.276	0.148	0.112	0.152	0.136	0.476	0.408	0.096	0.188	0.304	0.808	0.252
NOTCH1	4.24	1.096	1.604	1.96	2.564	2.344	2.096	2.424	2.592	1.896	1.792	2.004	2.988	3.048	3.876	2.268	1	1.452	5.492	0.92	2.276	1.512	1.168	2.3	2.448	0.808	2.316	0.552	2.72	1.872	1.02	1.592	1.9	2.172	3.116	1.46	0.996	1.704	2.212	1.008
